uid,name,longitude,latitude,free_bikes,empty_slots,entertainment,education,dining,park,shopping,metro_station,library,financial
7303,Queen St E / Woodward Ave,-79.319796,43.665269,17,1,7,6,48,8,36,0,1,2
7301,Primrose Ave / Davenport Rd,-79.445947,43.67142,14,1,2,8,46,4,55,0,2,5
7309,Queen St. E / Rhodes Ave.,-79.317693,43.666224,3,20,7,5,42,8,37,0,1,1
7045,Bond St / Queen St E,-79.376716,43.653236,11,14,72,88,434,29,392,9,11,128
7044,Church St / Alexander St,-79.380288,43.663722,7,8,34,58,369,22,331,3,12,62
7047,University Ave / Gerrard St W (East Side),-79.389165,43.657763,16,9,59,89,495,31,451,5,21,109
7041,Edward St / Yonge St,-79.382736,43.656729,17,5,69,87,473,32,418,5,13,114
7040,Euclid Ave / Bloor St W,-79.414783,43.664467,5,14,19,28,179,6,104,1,3,15
7128,Yonge St / Aylmer Ave,-79.388858,43.675492,10,5,64,116,193,16,306,0,8,47
7129,Davenport Rd / Avenue Rd,-79.396273,43.674991,1,10,64,121,198,16,306,0,9,42
7126,Yonge St / Yorkville Ave,-79.387778,43.671944,2,15,70,116,228,21,325,0,13,52
7124,Dundas St E / Broadview Ave,-79.351104,43.662365,8,9,8,17,67,19,65,0,2,10
7048,Front St W / Yonge St (Hockey Hall of Fame),-79.377962,43.646144,43,4,83,69,389,35,327,6,8,122
7120,Gerrard St E / River St,-79.358534,43.663993,9,1,7,16,77,11,70,0,3,9
7121,Jarvis St / Dundas St E,-79.374756,43.657266,3,22,54,77,393,28,400,3,9,96
7346,Logan Av / Gerrard St E,-79.3452697,43.6672144,10,5,5,14,82,14,72,0,3,15
7347,Regal Rd / Dufferin St,-79.441159,43.673939,4,11,3,8,48,3,61,0,1,6
7342,Morse St / Eastern Ave,-79.340075,43.657991,5,6,8,13,76,10,63,0,2,6
7343,Alton Ave / Dundas St E (Greenwood Park),-79.329408,43.66745,17,6,7,11,83,6,71,0,2,6
7340,Blake St / Boultbee Ave,-79.338259,43.672453,2,13,4,12,74,7,74,1,2,13
7341,Eastern Ave / Winnifred Ave,-79.3348396,43.6592088,12,2,6,11,51,12,52,0,1,6
7349,Gamble Ave / Broadview Ave,-79.35438,43.689211,5,18,2,6,19,3,16,0,1,2
7269,Toronto Eaton Centre (Yonge St),-79.380653,43.655431,5,7,79,96,492,32,425,5,11,136
7268,111 Bond St (North of Dundas St E)  - SMART,-79.378497,43.656927,9,7,63,88,454,30,400,5,11,112
7265,Wallace Ave / Symington Ave - SMART,-79.449534,43.661324,10,2,4,7,49,3,64,0,1,5
7267,Dundas St E / Pembroke St - SMART,-79.372346,43.658295,1,15,48,70,319,33,366,3,7,70
7266,Victoria Park Subway Station - SMART,-79.2889842,43.6940155,16,4,2,6,18,1,30,0,1,5
7262,Wychwood Ave / Benson Ave - SMART,-79.4229684,43.6809164,6,10,3,9,44,6,41,1,2,5
7379,Lawton Blvd / Yonge St,-79.39535,43.6910667,9,3,3,17,30,2,39,1,1,12
7378,Yonge St / Davisville Ave,-79.39654,43.6975969,1,14,2,33,65,3,55,2,1,12
7000,Fort York  Blvd / Capreol Ct,-79.395954,43.639832,6,25,46,16,290,21,163,1,2,48
7003,Madison Ave / Bloor St W,-79.402761,43.667158,3,12,70,128,181,12,246,0,15,35
7002,St. George St / Bloor St W,-79.399429,43.667333,8,9,68,134,197,13,276,0,16,42
7005,King St W / York St,-79.383177,43.6480008,16,7,96,82,530,33,421,8,8,138
7004,University Ave / Elm St,-79.389099,43.656518,1,10,64,92,562,26,487,5,19,124
7007,College St / Huron St,-79.398167,43.658148,4,14,27,50,377,14,212,2,17,46
7279,Rosehill Ave / Avoca Ave - SMART,-79.38906,43.687999,6,9,3,17,33,3,39,0,1,9
7175,HTO Park (Queens Quay W),-79.387502,43.63796,1,25,41,12,195,21,82,4,1,27
7174,Bloor St W / Dundas St W,-79.45166666666667,43.6563889,14,1,4,11,49,3,71,0,1,4
7176,Bathurst St / Fort York Blvd,-79.399595,43.639179,10,9,31,13,239,21,152,1,1,28
7171,Ontario Place Blvd / Lake Shore Blvd W,-79.4108105,43.6322445,10,17,19,4,39,7,29,0,1,5
7170,Spadina Ave / Willcocks St,-79.40138888888889,43.6616667,6,9,27,64,343,12,226,0,17,34
7173,Cariboo St / Rail Path,-79.45833333333334,43.66666667,6,13,7,13,52,4,64,0,3,3
7178,Dundas St W / Edna Ave,-79.452559,43.657192,4,10,4,14,54,1,73,0,1,5
7078,College St / Major St,-79.4032,43.6576,9,6,26,43,376,13,240,0,15,30
7079,McGill St / Church St,-79.379052,43.660694,5,12,50,68,359,29,383,5,12,75
7075,Queens Quay W / Dan Leckie Way,-79.395854,43.636533,24,2,27,11,139,20,47,0,2,16
7076,York St / Queens Quay W,-79.380464,43.640132,31,23,54,27,240,18,116,4,2,68
7077,College Park South,-79.382767,43.659777,6,13,55,77,360,34,343,5,16,81
7070,25 York St â Union Station South,-79.380414,43.643667,7,3,73,55,369,27,219,4,5,105
7071,161 Bleecker St (South of Wellesley),-79.373327,43.666233,11,12,20,34,189,17,162,1,5,34
7073,Spadina Ave / Fort York Blvd,-79.393249,43.640114,4,15,50,23,316,20,172,3,2,62
7188,Exhibition GO (Atlantic Ave),-79.4197222222222,43.6366666666667,18,5,24,11,96,7,93,0,0,7
7189,Augusta Ave / Denison Sq,-79.4016759,43.653766,9,5,28,38,463,12,334,0,8,43
7180,Lansdowne Subway Station,-79.443054,43.6587734,9,14,4,11,66,5,110,0,2,6
7181,Lansdowne Ave / Whytock Ave,-79.4413888888889,43.6538888888889,7,8,7,16,75,2,118,0,3,7
7182,Sterling Rd / Dundas St W,-79.4430555555556,43.6508333333333,3,15,4,12,65,3,115,0,2,5
7183,St Clarens Ave / College St,-79.43868,43.651238,11,3,6,12,73,2,120,0,3,6
7184,Ossington Ave / College St,-79.422634,43.6544915,7,4,17,12,166,4,123,1,2,9
7221,High Park Subway Station,-79.4655296,43.6543604,10,1,3,9,23,2,27,0,4,3
7220,Lake Shore Blvd W / Ellis Ave,-79.465083,43.635932,8,10,1,0,2,10,2,0,0,0
7223,Parkside Dr / Bloor St W - SMART,-79.460053,43.654501,9,2,3,8,31,2,45,0,1,3
7222,Sunnyside - Gus Ryder Pool,-79.454823,43.637894,20,7,4,5,16,9,23,0,3,1
7225,Lake Shore Blvd W / Windermere Ave,-79.467763,43.634896,8,10,1,0,3,8,4,0,0,0
7224,Bloor St W / High Park Ave (High Park),-79.4650569,43.6535269,16,7,3,9,21,3,26,0,1,3
7227,Martin Goodman Trail (Marilyn Bell Park),-79.4304,43.6314,15,16,14,6,37,1,44,0,0,2
7226,Lake Shore Blvd W / The Boulevard Club,-79.444966,43.636731,8,11,4,4,34,7,50,0,2,2
7229,Dundas St W / Roncesvalles Green P - SMART,-79.4512787,43.6534268,3,9,5,12,45,1,71,0,2,5
7380,Erskine Ave / Yonge St SMART,-79.39894,43.7112153,4,12,10,27,105,5,112,1,3,23
7386,D'Arcy St / McCaul St - SMART,-79.39201,43.655227,10,5,60,86,602,30,477,5,16,128
7387,Mortimer Ave / Carlaw Ave SMART,-79.34962,43.685167,3,9,11,9,90,3,80,1,2,6
7384,Cumberland Ave / Bay St SMART,-79.39014,43.6704537,4,5,73,122,241,22,324,0,14,54
7385,20 Charles St E,-79.38551,43.6691099,2,19,73,121,249,25,339,1,15,61
7122,Niagara St / Tecumseth St,-79.404444,43.641389,2,12,25,15,233,18,209,0,1,26
7123,424 Wellington St W,-79.396649,43.643834,4,11,59,27,386,27,252,2,4,58
7257,Dundas St W / St. Patrick St,-79.3895315,43.6545174,16,3,72,96,600,27,512,6,15,144
7252,Robert St / Bloor St W - SMART,-79.404998,43.665846,1,16,72,126,190,10,199,0,15,33
7253,John St  / Mercer St - SMART,-79.3895,43.6461,5,7,83,62,567,34,465,6,8,136
7315,Queen St E / Hammersmith Ave,-79.29451,43.671349,5,6,2,8,32,4,47,0,1,4
7314,Queen St. E / Eastern Ave,-79.312315,43.667208,6,9,7,6,42,8,38,0,1,1
7317,Hubbard Blvd / Balsam Av,-79.288949,43.669328,14,5,2,7,22,3,31,0,1,3
7316,Queen St. E / Spruce Hill Rd.,-79.289,43.672571,14,1,2,9,33,4,45,0,1,6
7259,Lower Spadina Ave / Lake Shore Blvd,-79.39192,43.638497,19,0,41,17,237,21,105,4,2,45
7313,Coxwell Ave /  Lake Shore Blvd E,-79.315223,43.662771,6,9,7,1,20,7,12,0,0,1
7312,Amelia St. / Sumach St.,-79.363525,43.66852,5,6,12,15,72,9,73,0,4,7
7032,Augusta Ave / Dundas St W,-79.401456,43.652473,7,7,33,43,502,13,344,0,7,49
7035,Queen St W / Ossington Ave,-79.419576,43.643975,8,15,15,17,170,6,171,0,0,9
7036,Trinity St /Front St E,-79.36023,43.651318,13,6,18,16,80,15,97,0,2,10
7038,Dundas St W / Yonge St,-79.381484,43.656094,5,8,69,93,493,32,410,5,13,130
7132,Kendal Ave / Spadina Rd,-79.405181,43.670318,2,7,71,116,173,9,192,0,10,33
7137,Davenport Rd / Bathurst St,-79.416111,43.676667,24,3,7,15,48,8,42,1,3,4
7136,Queen St W / Close Ave,-79.435841,43.640634,2,21,10,8,72,5,93,0,2,2
7148,King St W / Joe Shuster Way,-79.423611,43.639444,15,0,19,12,120,4,111,0,1,7
7149,Yarmouth Rd / Christie St,-79.42083333333333,43.67,3,8,19,16,105,6,82,0,2,7
7144,Palmerston Ave / Vermont Ave,-79.416389,43.671389,1,14,17,21,121,6,82,0,4,10
7146,Christie St / Benson Ave (Wychwood Barns),-79.42500000000001,43.68,3,16,3,9,45,6,43,1,2,6
7147,King St W / Fraser Ave,-79.42527777777778,43.6394444,9,6,15,10,114,4,112,0,1,7
7140,Macpherson Ave / Spadina Rd,-79.40698,43.675791,3,12,58,101,67,9,124,1,3,22
7141,Bridgeman Ave / Kendal Ave,-79.410278,43.675556,7,7,7,24,53,8,46,1,3,6
7142,Bridgeman Ave / Bathurst St,-79.414722,43.674444,7,7,11,22,83,5,65,0,2,8
7143,Kendal Ave / Bernard Ave,-79.408317,43.671513,3,11,68,104,150,7,148,0,8,30
7351,Pretoria Av / Broadview Av,-79.35822,43.6783213,3,16,9,8,63,5,45,0,0,2
7350,Broadview Ave / Westwood Ave,-79.356602,43.6848652,4,19,9,8,71,3,57,0,2,4
7353,Fulton Ave / Pape Ave,-79.347046,43.68395,4,15,10,12,90,4,81,1,2,9
7352,Cosburn Ave / Donlands Ave,-79.341307,43.690537,3,16,2,5,29,1,20,0,2,3
7355,Beltline Trail / Chaplin Cres.,-79.423122,43.704461,8,7,3,3,24,0,23,0,1,5
7357,Lake Shore Blvd E / Leslie St,-79.329196,43.659195,16,3,6,7,41,7,37,0,1,2
7356,King St E / Berkeley St,-79.3649,43.651885,15,2,32,33,141,19,127,0,2,18
7359,Rosedale Park (20 Schofield Ave),-79.377557,43.682645,12,11,0,3,8,4,11,0,0,0
7210,Mary McCormick Rec Centre (Sheridan Ave),-79.43305555555555,43.6475,8,6,13,10,120,4,146,0,1,4
7217,Soho St / Queen St W,-79.393535,43.6494896,3,4,73,71,629,29,365,6,10,114
7326,Davenport Rd / Lansdowne Ave,-79.44874,43.671526,10,8,2,8,45,4,53,0,3,3
7320,Front St W / University Ave (1),-79.3831757,43.6451635,15,3,88,69,425,34,360,5,8,123
7321,Front St W / University Ave (2),-79.3827914,43.6452972,10,8,88,68,418,34,359,5,8,127
7323,457 King St W,-79.3960744,43.6452091,16,3,64,34,448,27,286,2,8,79
7150,Dufferin St / Sylvan Av (Dufferin Grove Park),-79.43361111111112,43.6555556,17,2,11,10,99,2,118,1,1,6
7328,Roxborough St W / Yonge St,-79.390328,43.678077,12,5,56,106,146,10,267,0,5,38
7329,Crawford St / Queen St W,-79.415345,43.645665,14,4,13,17,203,9,184,0,1,11
7368,Lisgar St / Dundas St W - SMART,-79.42668,43.6493472,3,4,14,8,158,4,161,0,2,7
7369,Dupont St / Emerson Ave SMART,-79.443946,43.667266,3,13,3,5,43,5,52,0,2,3
7100,Dundas St E / Regent Park Blvd,-79.361275,43.660207,1,24,11,25,100,12,97,0,3,12
7101,Lower Sherbourne St / The Esplanade,-79.367061,43.648655,15,12,48,35,180,21,172,0,2,37
7102,Nelson St / Duncan St,-79.389728,43.648711,27,4,86,76,662,28,512,8,8,143
7103,Jimmie Simpson Park (Queen St E),-79.3437663,43.6605603,13,1,7,14,94,14,76,0,3,12
7105,Queen St E / Sackville St,-79.36138888888888,43.6561111,10,4,23,23,117,13,123,0,3,13
7106,Mill St / Tannery Rd,-79.354455,43.652219,14,25,15,8,60,15,68,0,1,9
7107,Cherry St / Distillery Ln,-79.356832,43.650279,4,11,17,8,58,12,68,0,1,4
7108,Front St E / Cherry St,-79.358395,43.652686,3,12,17,16,72,14,87,0,2,11
7069,Queen St W / Spadina Ave,-79.395504,43.649147,6,3,73,58,612,27,345,4,9,94
7067,Yonge St / Harbour St,-79.375413,43.643795,12,26,55,50,265,23,182,3,5,95
7066,Willcocks St / St. George St,-79.397735,43.662085,8,8,28,75,393,12,274,1,19,51
7065,Dundas St E / Parliament St,-79.365769,43.659575,14,0,14,33,115,13,133,0,4,14
7064,51 Parliament St,-79.362198,43.65205,15,4,25,19,108,16,105,0,2,12
7063,Queen's Park / Bloor St W,-79.393899,43.668456,5,14,70,138,254,23,323,1,19,59
7366,Fort York Blvd / Bathurst St SMART,-79.399792,43.639052,13,7,29,13,231,21,145,1,1,27
7367,Alma Ave / Gladstone Ave SMART,-79.42822,43.6448617,3,12,14,11,156,3,152,0,1,6
7199,College St / Markham St,-79.4091666666667,43.6563888888889,2,16,21,33,345,10,206,0,8,29
7198,Queen St W / Cowan Ave,-79.432837,43.6409,5,14,16,8,108,4,121,0,1,3
7193,Queen St W / Gladstone Ave,-79.4275,43.6430555555556,8,14,14,10,152,3,148,0,1,6
7192,Harbord St / Clinton St,-79.415646,43.660414,1,14,23,25,212,6,129,1,5,17
7191,Central Tech  (Harbord St),-79.407896,43.661975,1,8,23,48,306,8,166,0,12,23
7196,Roxton Rd / Harbord St,-79.422988,43.65905,1,10,17,16,146,6,110,1,3,13
7195,Ulster St / Bathurst St,-79.4088888888889,43.66,4,7,21,45,333,9,193,0,11,25
7194,Mortimer Ave / Coxwell Ave,-79.326319,43.690564,1,22,59,81,37,5,95,0,2,30
7392,Woodbine Subway Green P SMART,-79.311073,43.686829,4,16,3,9,23,2,30,0,1,8
7083,Danforth Ave / Barrington Ave,-79.300463,43.688325,3,12,4,7,25,2,43,0,0,9
7441,Pacific Ave / Glenlake Ave,-79.46478,43.65716,19,8,7,21,55,2,62,0,3,5
7086,High Park - West Rd,-79.4654233,43.6525077,15,7,3,8,21,4,26,0,3,2
7388,Broadview Ave / Danforth Ave,-79.35858,43.6772,2,13,8,8,61,6,44,0,0,2
7089,Church St  / Wood St,-79.379903,43.662712,7,11,37,59,373,22,384,4,9,67
7389,College Park - Gerrard Entrance,-79.383518,43.658938,7,18,54,76,400,34,345,5,17,90
7088,Danforth Ave / Coxwell Ave,-79.322961,43.683378,9,5,59,84,37,5,105,0,2,33
7383,12 Harbour St,-79.3762,43.6425636,10,4,54,43,259,21,145,3,3,90
7247,Howard Park Ave / Dundas St W - SMART,-79.4486,43.6521,10,2,3,11,51,2,74,0,2,4
7246,Yonge St / Bloor St,-79.386532,43.669969,1,12,73,120,244,24,332,1,16,58
7244,Dufferin Gate - SMART,-79.425679,43.633473,14,2,17,7,58,3,62,0,1,4
7242,Lake Shore Blvd W / Ontario Dr,-79.420317,43.630254,12,21,21,4,30,4,23,0,0,2
7240,Bloor St W / Shaw Ave - SMART,-79.423098,43.662403,5,28,21,15,140,6,116,1,3,13
7360,Concord Av / Dewson St,-79.424911,43.656945,0,16,16,12,169,6,130,1,3,11
7361,Hocken Ave / Vaughan Rd,-79.4184725,43.6817346,2,17,4,11,48,6,35,1,2,3
7362,St Clair Ave W / Bathurst St.,-79.418734,43.683296,11,8,4,10,42,6,31,1,2,3
7364,Queen St E / Nursewood Rd,-79.281455,43.673831,13,5,1,5,24,3,18,0,0,5
7365,Kew Beach Ave / Kenilworth Ave,-79.3014,43.666325,20,3,4,7,23,6,43,0,1,4
7249,Dovercourt Rd / Harrison St (Green P) - SMART,-79.423742,43.651145,1,10,14,10,173,4,152,0,2,9
7248,Baldwin Ave / Spadina Ave - SMART,-79.398448,43.654905,5,15,44,49,478,15,323,3,10,56
7432,Frederick St / King St E,-79.369411,43.651118,9,13,54,55,252,21,331,3,4,67
7023,College St / Borden St,-79.4056,43.6571,8,3,24,38,379,8,227,0,12,27
7020,Phoebe St / Spadina Ave,-79.396555,43.650033,23,10,65,51,583,20,334,3,6,77
7027,Beverley  St / Dundas St W,-79.393388,43.652823,23,6,68,84,629,28,380,7,14,121
7026,Bay St / St. Joseph St,-79.387499,43.665527,5,8,76,146,308,26,363,1,21,67
7028,Gould St / Mutual St,-79.3768,43.6582,27,4,55,83,404,28,388,5,9,91
7097,Riverdale Park North (Broadview Ave),-79.354704,43.671172,1,14,12,15,85,9,75,0,2,7
7095,Danforth Ave / Ellerbeck St,-79.35667,43.677076,3,11,8,8,62,5,51,0,1,5
7092,Pape Subway Green P,-79.344062,43.680223,7,8,4,7,77,3,77,1,1,10
7093,Danforth Ave / Gough Ave,-79.346289,43.678401,6,11,10,11,85,3,86,1,1,10
7090,Danforth Ave / Lamb Ave,-79.329455,43.681991,3,16,58,84,44,3,113,1,1,32
7158,King St W / Stafford St,-79.41111111111111,43.6422222,6,7,22,16,204,11,181,0,1,18
7155,Bathurst St / Lennox St,-79.410491,43.663808,4,15,20,40,252,7,131,0,8,17
7154,Bathurst Subway Station,-79.41166666666668,43.6666667,17,4,18,30,157,7,94,1,4,11
7153,Bloor St W / Christie St,-79.41888888888889,43.6638889,6,11,20,16,170,5,109,1,3,10
7152,Ossington Ave / Bloor St W,-79.425734,43.661705,0,11,14,9,120,7,104,1,3,10
7151,Essex St / Christie St - SMART,-79.42027777777778,43.6686111,8,11,18,18,112,7,92,1,2,7
7296,Westmoreland Ave / Fernbank Ave,-79.43235,43.665327,5,14,8,5,60,6,72,1,1,6
7297,Havelock St / Dufferin Park,-79.43112,43.657343,14,5,15,9,109,5,119,1,2,7
7298,Bathurst St / Adelaide St W,-79.40345,43.645324,10,13,23,25,346,19,295,0,3,40
7299,Mill St / Parliament St,-79.36163,43.650256,7,8,22,17,93,15,102,0,2,12
7209,Ossington Ave / Harrison St,-79.4213888888889,43.65111111111111,10,8,13,10,177,5,149,0,1,8
7208,80 Clinton St (North of College),-79.414663,43.656296,7,7,18,17,241,8,125,1,4,14
7207,Dundas St W / Crawford St,-79.416944,43.649722,8,15,11,14,226,6,184,0,2,13
7206,Claremont St / Dundas St W,-79.411717,43.651281,11,1,17,21,336,10,247,0,2,19
7205,Rusholme Park Cres / College St,-79.42972222,43.65277778,12,2,16,12,119,3,131,1,2,5
7204,College St / Crawford St,-79.418889,43.655,15,4,18,13,197,3,145,1,1,12
7337,Gerrard Square Mall (1010 Gerrard St E),-79.338673,43.668553,14,5,5,14,73,12,67,0,1,12
7336,Queen St E / Alton Av,-79.327987,43.663912,14,5,6,7,78,7,66,0,2,6
7334,Simcoe St / Wellington St W North,-79.3855048,43.6462176,9,5,95,71,522,36,415,6,7,139
7331,Coxwell Ave / Plains Rd,-79.328535,43.69595,2,17,55,72,7,3,78,0,1,24
7339,Carlaw Ave / Strathcona Ave,-79.3462789,43.6753188,3,12,10,13,99,5,94,1,1,14
7338,Logan Ave / Bain Ave,-79.3470557,43.6720273,9,1,12,17,116,6,100,1,2,13
7112,Liberty St / Fraser Ave Green P,-79.424146,43.637981,16,3,22,10,108,5,110,0,1,7
7111,King St W / Douro St,-79.416379,43.640885,4,7,21,14,164,8,157,0,0,10
7110,Queen St E / Berkeley St,-79.36583333333333,43.6552778,7,7,36,37,166,18,163,0,3,22
7115,Howard St / Sherbourne St,-79.376367,43.6712581,7,7,19,29,167,13,158,0,7,31
7114,Carlton St / Parliament St,-79.36793,43.664524,0,14,11,23,91,11,91,1,3,14
7119,Sumach St / Carlton St. (Riverdale Farm),-79.362506,43.665867,13,2,8,16,68,10,58,0,4,7
7118,King St W / Bay St (East Side),-79.380042,43.648575,17,2,93,83,497,30,393,8,8,134
7059,Front St W / Blue Jays Way,-79.390477,43.643473,1,13,69,43,438,26,283,4,4,108
7053,Metro Hall Plaza,-79.38783,43.645859,22,5,88,64,527,34,434,6,8,137
7056,Parliament St / Gerrard St,-79.3656796,43.662132,12,11,7,21,80,14,92,0,3,11
7054,Navy Wharf Ct. / Bremner Blvd.,-79.391051,43.640722,3,8,59,27,356,20,232,4,2,78
7055,Jarvis St / Carlton St,-79.37617,43.66207,4,11,46,63,342,24,369,4,9,58
7319,Lake Shore Blvd E / Knox Ave,-79.3244,43.660206,5,5,3,3,36,7,29,0,1,1
7318,Hubbard Blvd. / Glen Manor Dr.,-79.291162,43.668633,6,9,2,7,27,4,39,0,1,3
7272,Yonge St / Dundonald St - SMART,-79.384796,43.665801,8,4,76,135,297,26,364,1,18,69
7273,Bay St / Charles St W - SMART,-79.38891,43.668153,8,12,74,132,266,24,339,1,18,65
7270,Church St / Dundas St E - SMART,-79.377257,43.657024,3,11,62,87,440,30,404,5,11,107
7271,Yonge St / Alexander St - SMART,-79.383572,43.662862,13,5,41,75,388,25,404,4,17,67
7275,Queen St W / James St,-79.380701,43.652276,6,5,88,93,511,29,424,8,12,140
7371,Eglinton Ave W / Henning Ave SMART,-79.40161,43.7063473,2,17,9,21,109,4,116,2,2,26
7377,Balliol St / Yonge St  SMART,-79.39419,43.6978701,3,16,2,34,59,3,53,2,1,14
7376,Frobisher Ave / Lascelles Blvd,-79.40045,43.696708,15,3,2,20,63,2,61,2,2,11
7375,Front St E / Scott St,-79.37549,43.6476616,4,4,76,70,362,33,357,6,7,123
7374,Frederick St / The Esplanade,-79.36839,43.6487245,15,4,52,43,226,22,301,2,2,54
7098,Riverdale Park South (Broadview Ave),-79.35347,43.667819,12,3,10,13,57,14,49,0,2,10
7014,Sherbourne St / Carlton St (Allan Gardens),-79.373181,43.663102,10,6,27,41,258,23,239,3,5,40
7015,King St W / Bay St (West Side),-79.380576,43.64852,18,20,94,83,504,31,404,8,9,136
7012,Elizabeth St / Edward St (Bus Terminal),-79.385327,43.656026,4,10,75,94,532,32,440,5,16,134
7010,King St W / Spadina Ave,-79.395003,43.645323,12,4,72,45,467,31,299,2,9,89
7139,Glen Edyth Dr / Davenport Rd,-79.405556,43.677778,3,10,55,89,65,8,129,1,1,22
7168,Queens Quay / Yonge St,-79.375308,43.641646,2,29,45,34,219,19,123,3,2,79
7169,Front St W / Bay St (North Side),-79.378912,43.646162,3,7,87,70,415,35,340,6,8,125
7085,Danforth Ave / Westlake Ave,-79.304848,43.687323,1,14,5,7,21,3,36,0,0,7
7031,Jarvis St / Isabella St,-79.379385,43.668991,9,13,22,40,237,20,232,1,10,45
7163,Yonge St / Wood St,-79.3825,43.6622222,8,7,48,80,388,29,420,4,15,72
7160,King St W / Tecumseth St,-79.40555555555557,43.64333333333333,2,15,25,20,252,18,226,0,2,29
7161,Beverley St / College St,-79.39527777777778,43.6575,2,21,45,71,467,23,274,4,19,72
7164,Gould St / Yonge St (Ryerson University),-79.381019,43.657424,3,19,62,88,449,31,408,5,12,109
7283,Front St W / Bay St (South Side),-79.378761,43.64595,9,9,85,68,397,35,327,6,8,124
7281,Charles St W / Balmuto St - SMART,-79.38725,43.668427,3,16,73,130,256,24,338,1,18,63
7280,Charles St E / Jarvis St - SMART,-79.381171,43.669604,5,15,22,41,229,21,257,1,10,43
7287,Queen St E / Pape Ave - SMART,-79.337789,43.661673,15,1,8,13,79,12,77,0,2,11
7286,Gerrard St E / Broadview - SMART,-79.352055,43.665656,13,3,6,14,57,15,46,0,2,9
7289,Humber Bay Shores Park East,-79.4722622,43.6308933,14,7,0,0,8,5,8,0,0,1
7288,Humber Bay Shores Park West,-79.480284,43.6224434,19,12,1,1,19,4,12,0,1,4
7131,Taddle Creek Park,-79.398443,43.66986,3,12,70,131,216,14,285,0,18,40
7236,Thompson St / Broadview Ave - SMART,-79.350325,43.659471,10,2,10,18,74,18,61,0,2,12
7234,Roncesvalles Ave / Marmaduke St,-79.450842,43.650492,7,12,4,11,47,4,73,0,2,4
7232,Queen St W  /  Fuller Ave - SMART,-79.439223,43.640255,9,7,6,9,55,5,71,0,4,3
7233,King / Cowan Ave - SMART,-79.431734,43.637922,6,10,13,6,90,3,93,0,1,3
7230,Garden Ave / Roncesvalles Ave,-79.447915,43.643769,15,3,4,8,45,8,65,0,3,2
7238,Sorauren Ave / Geoffrey St - SMART,-79.4445087,43.649172,2,14,6,12,69,4,107,0,4,6
7239,Bloor St W / Manning Ave - SMART,-79.416124,43.663912,6,14,20,23,180,6,115,1,4,13
7057,Simcoe St / Wellington St W South,-79.3853654,43.6458569,25,2,93,68,494,38,401,6,7,137
7278,Mallon Ave / Jones Ave -SMART,-79.33443,43.66587,5,11,5,11,82,12,75,0,2,10
7508,Berkeley St / Dundas St E - SMART,-79.367318,43.658816,8,10,34,40,158,14,189,0,3,30
7497,128 Sterling Rd - SMART,-79.444792,43.654004,8,12,6,15,68,2,105,0,3,7
7496,Sunnyside Ave / The Queensway - SMART,-79.44865,43.6397,12,7,4,7,34,9,40,0,3,1
7493,Sackville St / Eastern Ave - SMART,-79.3595,43.653809,8,4,17,19,80,14,102,0,4,11
7494,Davenport Rd / McAlpine St - SMART,-79.391253,43.673768,1,11,67,120,211,19,318,0,10,47
7489,Sumach St  / Queen St E,-79.358749,43.656638,3,16,17,22,102,13,116,0,3,14
7485,Blythwood Rd / Yonge St - SMART,-79.399993,43.716652,1,13,8,3,49,5,58,1,3,10
7486,Gerrard St E / Main St,-79.299332,43.684261,5,17,3,7,24,1,44,0,0,9
7483,Southwood Dr / Kingston Rd - SMART,-79.297974,43.678685,0,11,1,8,35,2,49,0,1,7
7480,Neil McLellan Park,-79.47779,43.65143,5,9,4,8,36,3,51,0,3,10
7479,Jane St / Bloor St W (Jane Subway Station),-79.48477,43.64976,7,8,4,7,31,2,44,0,3,10
7477,Antler St / Campbell Ave - SMART,-79.449066,43.664182,11,9,3,6,44,3,57,0,1,5
7474,Clarence Square,-79.3929,43.64407,5,18,62,40,428,29,263,5,4,97
7471,Lake Shore Blvd W / Louisa St,-79.48674,43.61868,10,5,2,1,25,4,15,0,1,4
7468,Front St W / Simcoe St,-79.38702,43.6442,14,2,83,60,460,34,308,5,3,121
7467,Lower Simcoe St / Bremner Blvd,-79.38409,43.64283,11,3,73,52,392,26,232,4,1,101
7466,Glendonwynne Ave / Bloor St W,-79.47421,43.65182,12,7,2,9,29,4,45,0,3,10
7465,Russell Hill Rd / St Clair Ave W,-79.408019,43.685569,9,10,2,10,17,5,17,1,1,5
7458,Church St / Lombard St,-79.375233,43.651678,5,11,70,80,388,29,380,5,9,118
7462,Richmond St E / Yonge St,-79.378743,43.651838,8,7,84,89,468,28,393,8,10,132
7461,High Park Amphitheatre,-79.464366,43.645653,7,15,3,4,11,9,17,0,1,1
7457,Queen's Park Cres W / Hoskin Ave,-79.394009,43.665221,16,5,27,82,322,22,287,1,20,48
7454,Pottery Rd / Lower Don River Trail,-79.362101,43.688148,1,14,1,6,5,3,3,0,0,1
7452,Bleecker St / St James Ave,-79.374495,43.669232,4,19,20,29,171,15,146,1,7,35
7451,Western Battery Rd / Pirandello St,-79.414156,43.640075,5,26,22,19,164,9,154,0,0,16
7450,Carlaw Ave / Danforth Ave,-79.347346,43.678285,8,7,11,11,91,4,87,1,1,10
7449,Cosburn Ave / Cedarvale Ave,-79.31469,43.697139,6,9,54,71,5,4,80,0,0,23
7448,Goodwood Park Ct / Dentonia Park,-79.295208,43.694826,4,15,2,6,15,1,34,0,1,6
7445,Eastwood Rd / Coxwell Ave,-79.318651,43.673118,13,6,6,7,46,6,28,0,1,3
7447,Trent Ave / Danforth Ave,-79.295895,43.689293,8,15,2,6,26,1,43,0,0,8
7446,Orchard Park,-79.3149,43.66908,12,6,7,5,44,7,32,0,1,1
7444,Clendenan Ave / Rowland St - SMART,-79.47149,43.66073,3,17,8,19,44,2,53,0,2,2
7440,Martin Goodman Trail / Remembrance Dr,-79.41414,43.63121,7,20,20,6,41,6,28,0,0,3
7437,Concord Ave / Bloor St W,-79.42679,43.66189,13,2,13,8,106,7,101,1,2,10
7438,High Park Subway,-79.4675,43.65389,9,10,3,9,25,3,36,0,3,7
7434,Via Italia / Mackay Ave,-79.445029,43.676697,8,7,2,7,36,1,49,0,1,5
7435,Rushton Rd / St Clair Ave W,-79.4277,43.68114,5,5,2,12,41,6,35,1,3,6
7433,Dundas St E / Boulton Ave - SMART,-79.347938,43.663148,8,8,8,16,79,17,65,0,2,13
7431,Gerrard St E / Leslie St,-79.3335,43.669813,23,0,6,10,77,7,66,0,3,9
7430,Marilyn Bell Park Tennis Court,-79.437461,43.633537,5,21,8,5,42,4,58,0,2,1
7427,Northern Dancer Blvd / Lake Shore Blvd E,-79.309765,43.663162,12,15,7,3,22,8,25,0,1,2
7425,The Queensway at South Kingsway,-79.47307,43.63632,15,7,1,0,3,7,4,0,0,1
7424,Merton St / Mount Pleasant Rd,-79.38786,43.697819,4,19,2,29,64,3,54,2,1,12
7422,Tyndall Ave / King St W - SMART,-79.429142,43.638426,6,9,17,9,108,3,109,0,1,6
7418,College Park - Yonge St Entrance,-79.38279,43.65988,3,21,53,76,362,34,344,5,16,80
7419,Bloor St W / Huron St,-79.401805,43.667023,10,16,69,130,181,11,254,0,16,38
7420,Barton St / Howland St - SMART,-79.410585,43.66842,7,12,16,37,146,7,91,0,6,11
7414,Keele St / Annette St,-79.46418,43.66402,5,10,9,19,49,3,71,0,2,5
7415,Keele St / Vine Ave,-79.46526,43.66686,19,4,8,18,53,3,74,0,3,4
7410,Howard St / Rose Ave,-79.372127,43.671278,1,18,10,15,88,13,78,0,2,17
7411,Little Norway Park,-79.399505,43.635023,15,6,12,7,63,20,23,0,1,10
7409,Isabella St / Church St,-79.38235,43.66834,15,4,26,46,233,22,264,1,12,47
7408,University Ave / Armoury St,-79.38766,43.65263,13,9,87,101,633,25,498,9,14,153
7407,University Ave / Queen St W,-79.38655,43.65158,22,0,91,93,616,31,478,8,12,151
7403,Lascelles Blvd / Eglinton Ave W,-79.40355,43.70547,9,10,7,23,106,4,100,2,1,24
7400,Polson Pier,-79.354006,43.641675,20,3,17,2,15,6,27,0,0,0
7395,Dentonia Park,-79.291416,43.694341,1,22,2,6,16,1,32,0,1,6
7399,Lower Jarvis / Queens Quay E,-79.36927,43.64422,18,0,45,38,186,18,177,2,2,54
7488,Summerhill Ave / Maclennan Ave,-79.376304,43.685924,3,8,0,2,1,4,4,0,0,0
7261,Queens Quay E / Lower Sherbourne St,-79.364898,43.645215,19,6,38,24,123,16,103,0,2,18
7463,Adelaide St W / Brant St,-79.3973381,43.6462574,11,5,63,35,503,23,321,3,5,67
7231,Wright Ave / Sorauren Ave - SMART,-79.442741,43.646677,3,13,8,11,73,4,110,0,4,4
7478,Ellis Ave / The Queensway,-79.46693,43.63855,3,16,2,0,2,9,2,0,0,0
7084,High Park - Grenadier Cafe,-79.4657123,43.645599,6,5,3,4,14,9,21,0,3,1
7302,Winona Dr / Davenport Rd,-79.430465,43.674923,4,7,5,8,53,3,59,0,2,5
7087,Danforth Ave / Aldridge Ave,-79.316767,43.684758,6,5,58,81,31,4,104,0,1,31
7024,Dundonald St / Church St,-79.38148,43.66663,10,25,25,55,263,23,280,1,13,53
7503,Gerrard St E / Malvern Ave - SMART,-79.294766,43.685221,13,7,2,7,28,1,47,0,0,9
7203,Bathurst St/Queens Quay(Billy Bishop Airport),-79.398253,43.635492,34,1,20,9,90,23,33,0,1,13
7043,Queens Quay W / Lower Simcoe St,-79.383717,43.63951,9,8,49,23,239,20,104,4,1,56
7018,Bremner Blvd / Rees St,-79.386741,43.641529,6,17,67,42,386,26,228,4,1,90
7412,King St W / Crawford St,-79.4131148,43.6417852,5,17,22,17,191,11,175,0,0,18
7391,Yonge St / Dundas Sq,-79.3802,43.655766,18,7,76,93,485,31,419,5,11,131
7459,St Clair Ave W / Winona Ave,-79.432522,43.680466,6,5,2,15,49,3,45,0,3,6
7030,Bay St / Wellesley St W,-79.387095,43.664088,24,27,37,81,370,27,341,3,22,60
7501,Humberside Grounds - SMART,-79.46997,43.65917,9,11,9,21,55,3,79,0,2,9
7264,Bloor St E / Huntley St - SMART,-79.379173,43.671535,1,14,19,31,209,16,211,0,9,35
7469,Wellington St W / York St,-79.38301,43.646734,7,15,93,75,483,33,403,7,8,133
7061,Dalton Rd / Bloor St W,-79.4066433,43.6662942,8,7,72,119,174,8,177,0,13,30
7138,Davenport Rd / Christie St,-79.423889,43.675278,10,17,8,11,53,6,61,1,2,5
7417,King St W / Jordan St,-79.378623,43.648928,5,6,89,82,466,30,372,8,9,132
7373,George St / King St E,-79.3707,43.6509552,12,3,54,59,286,23,354,4,4,79
7455,E.T. Seton Park (Eglinton Ave E / Leslie St),-79.351246,43.715951,23,4,2,4,6,4,19,0,0,4
7428,Woodbine Ave / Lake Shore Blvd E,-79.304711,43.665645,12,15,5,5,24,7,41,0,1,4
7324,King St W / Charlotte St,-79.39399,43.645572,17,2,71,50,484,34,310,3,9,100
7475,Jarvis St / Richmond St E,-79.372637,43.652777,2,17,56,80,342,31,383,6,9,106
7476,Symington Ave / Dupont St,-79.451263,43.665538,7,8,2,10,36,4,45,0,2,4
7009,King St E / Jarvis St,-79.372287,43.650325,9,16,56,74,330,30,368,5,8,101
7029,Bay St / Bloor St W (East Side),-79.38915,43.66943,7,7,73,131,254,23,332,1,16,60
7335,Bay St / Bloor St W (West Side),-79.3894,43.669244,1,18,73,131,258,23,330,1,16,61
7442,Lonsdale Rd / Spadina Rd,-79.412903,43.688526,6,9,2,8,15,4,20,1,1,3
7363,Wells Hill Ave / St Clair Ave W,-79.41562,43.683351,3,12,4,9,34,5,25,1,1,3
7443,Dundas St E / George St,-79.373446,43.6574766,3,22,52,78,364,30,402,3,9,88
7072,Fleet St / Bathurst St,-79.400042,43.636611,13,5,21,12,126,20,44,0,1,14
7245,Tecumseth St / Queen St W - SMART,-79.406468,43.646552,4,3,17,23,376,14,300,0,2,37
7052,Wellington St W / Bay St,-79.379878,43.647259,17,9,95,79,463,33,380,8,8,133
7484,Briar Hill Ave / Yonge St - SMART,-79.400162,43.713524,7,9,9,20,85,6,91,1,2,22
7074,King St E / Church St,-79.3733541,43.65003919999999,14,1,60,78,354,31,364,5,9,110
7021,Bay St / Albert St,-79.382458,43.653264,26,9,83,97,532,29,434,9,14,143
7008,Wellesley St / Queen's Park Cres,-79.392125,43.663376,7,11,38,86,451,26,353,4,21,60
7006,Bay St / College St (East Side),-79.385525,43.660439,8,9,54,78,382,34,363,5,20,81
7062,University Ave / College St (West),-79.390213,43.659226,5,6,58,82,479,34,378,5,22,94
7502,University Ave / College St (East),-79.38964,43.65995,1,12,54,87,455,33,382,5,22,86
7274,Queen's Park Cres E / Grosvenor St - SMART,-79.389682,43.661803,4,7,56,95,475,29,442,5,21,78
7235,Bay St / College St (West Side) - SMART,-79.385655,43.660087,3,9,54,76,383,35,350,5,20,83
7516,Superior Ave / Lake Shore Blvd W,-79.4873148,43.6146692,8,9,2,1,16,4,11,0,1,4
7514,Humber Bay Shores Park / Marine Parade Dr,-79.476723,43.626265,27,4,1,1,12,4,10,0,0,4
7518,Lake Shore Blvd W / Colborne Lodge Dr,-79.458173,43.63771,15,11,2,2,11,9,13,0,2,1
7517,Ripley Ave / Ormskirk Ave,-79.4760109,43.6390437,14,9,0,0,4,7,4,0,2,1
7520,St Clarens Ave / Shirley Ave,-79.4376413,43.6486599,1,13,8,13,85,3,124,0,4,4
7524,Lisgar Park,-79.4240277,43.6423847,6,16,18,10,156,4,146,0,1,7
7526,Bartlett Parkette,-79.4360232,43.6702236,20,3,7,5,39,4,64,0,2,5
7528,Spadina Rd / Austin Terrace,-79.408723,43.67883,4,13,54,85,42,8,94,1,1,20
7530,Sherbourne St N / Elm Ave,-79.3778458,43.6752732,8,14,13,25,118,12,129,0,7,26
7534,Walnut Ave / Queen St W,-79.411084,43.645469,7,9,16,21,262,11,227,0,2,17
7538,Vaughan Rd /Wychwood Ave,-79.4253856,43.6882821,11,8,2,8,33,5,31,1,1,6
7536,Palmerston Ave / Dundas St W,-79.408346,43.651603,7,15,20,26,415,11,286,0,4,34
7531,541 Huron St - SMART,-79.402643,43.670206,6,13,71,119,184,11,250,0,12,32
7537,Euclid Ave / Herrick St - SMART,-79.413845,43.661559,7,8,22,26,247,7,133,1,4,18
7545,Baldwin St / Henry St,-79.393259,43.6560758,2,13,50,81,557,27,355,4,19,108
7547,Orde St / McCaul St,-79.3927404,43.6580442,6,9,47,82,487,32,322,4,21,89
7546,Ross St / Cecil St - SMART,-79.3966159,43.6568254,15,3,36,58,450,15,262,2,16,58
7552,Lake Shore Blvd W / Thirty Ninth Street,-79.54033009999999,43.5927419,8,11,1,0,13,3,7,0,2,3
7553,Lake Shore Blvd W / Twenty Fourth St,-79.522768,43.597082,7,12,1,1,12,3,8,0,1,2
7556,Windsor St / Newcastle St,-79.4971065,43.6171635,4,27,2,4,25,1,13,0,1,4
7555,Royal York Rd / Mimico Ave,-79.496573,43.612063,6,14,2,3,16,1,10,0,1,4
7558,Berry Rd / Bell Manor Dr,-79.489083,43.63732,6,13,0,1,2,1,3,0,1,1
7554,Humber College,-79.5160575,43.5961692,17,10,2,2,15,1,9,0,1,1
7515,Amos Waites Park,-79.4883535,43.613606,10,17,2,2,17,3,11,0,1,4
7562,Priscilla  Ave / Dundas St W,-79.489385,43.664665,4,19,6,5,26,1,24,0,1,1
7564,Durie St / Dundas St W,-79.484892,43.665523,16,7,6,8,30,1,31,0,1,3
7563,St Clair Ave W / Castleton Ave,-79.485426,43.668496,15,4,4,4,26,1,22,0,1,2
7567,Weston Lions Park,-79.519472,43.698841,5,22,0,1,10,0,6,0,1,3
7561,Annette St / Jane St,-79.487246,43.658574,6,9,7,12,41,2,54,0,1,10
7568,Jameson Ave / Queen St W,-79.43703,43.63985,10,17,9,10,61,5,76,0,4,3
7570,Carlaw Ave / Dundas St E,-79.341509,43.665076,7,10,7,16,96,11,81,0,3,12
7569,Toronto Inukshuk Park,-79.40978179999999,43.6323994,29,16,18,3,42,7,27,0,1,5
7572,Cosburn Ave / Durant Ave,-79.3301658,43.6935477,2,13,57,73,11,3,84,0,1,24
7559,Swansea Community Centre,-79.4770327,43.6438036,11,4,2,4,25,5,42,0,3,10
7541,Bellwoods Ave / Treford Pl - SMART,-79.413528,43.65246,4,16,15,19,270,7,213,1,2,17
7575,Bayview Ave / Lawren Harris Square,-79.35397680000001,43.6548521,8,6,15,9,60,15,71,0,1,10
7557,The Queensway / High St,-79.482407,43.630874,19,3,0,1,10,5,9,0,1,1
7529,Symington Ave / Davenport Rd,-79.45328549999999,43.6704403,11,4,4,13,51,3,62,0,3,4
7576,Front St E / Bayview Avenue,-79.354068,43.6535,8,14,15,7,60,16,70,0,1,10
7577,Oak St / Sumach St,-79.361515,43.6617908,18,9,9,18,89,14,83,0,2,11
7551,The Esplanade / Hahn Pl,-79.364184,43.649709,4,14,35,27,139,19,111,0,2,20
7549,439 Sherbourne St,-79.374161,43.666051,2,43,21,35,213,16,174,1,5,37
7579,Glebe Rd W / Yonge St,-79.397345,43.7005976,8,11,6,33,101,4,82,2,3,25
7580,Hillsdale Ave W / Yonge St,-79.3979073,43.7029672,8,7,8,33,115,4,95,2,3,26
7540,Alvin Ave / St Clair Ave E,-79.39264,43.68871,4,15,3,18,35,4,35,0,1,11
7583,Eglinton Ave W / Scarlett Rd,-79.5108942,43.6834703,4,18,0,1,2,0,3,0,0,0
7584,The Pond Rd / Sentinel Rd,-79.5025943,43.7696262,11,16,1,3,16,0,7,0,1,4
7585,Sentinel Rd / Finch Hydro Corridor,-79.5012809,43.7641485,10,17,0,1,9,0,2,0,2,4
7586,Finch West Subway Station,-79.491281,43.76521,12,11,1,3,22,0,13,0,1,10
7587,Dufferin St / Finch Hydro Recreational Trail,-79.4675395,43.7724019,8,11,6,5,6,1,19,0,0,7
7588,G Ross Lord Park,-79.467963,43.7781116,9,22,3,5,15,1,28,0,0,8
7591,Elwood Blvd / Avenue Rd,-79.40966,43.707049,14,9,7,16,80,2,96,1,2,16
7593,Roehampton St / Bayview Ave,-79.378615,43.711751,17,13,1,8,40,1,46,0,3,8
7598,Teddington Park Ave,-79.40401,43.732975,0,14,0,7,28,0,21,1,1,3
7600,Ursula Franklin St / Huron St - SMART,-79.398049,43.660274,7,13,27,63,376,14,207,2,19,43
7602,Woodbine Ave / O'Connor Dr,-79.318802,43.699281,9,10,56,71,12,4,81,0,1,25
7603,O'Connor Dr / Curity Ave - SMART,-79.311439,43.707582,7,17,2,2,11,0,9,0,0,1
7606,Dawes Rd / Taylor Creek Trl,-79.297436,43.696631,10,9,2,6,15,1,31,0,1,6
7542,Queen St W / John St,-79.391291,43.650077,13,9,86,80,689,31,499,8,10,136
7607,Fairmount Park,-79.3163022,43.6765897,14,5,7,12,58,3,44,0,2,5
7599,Richmond St W / York St,-79.383633,43.650745,1,15,94,91,557,29,452,8,10,139
7609,Sunnybrook Park,-79.362092,43.720233,21,6,1,4,5,1,7,0,0,1
7618,Vaughan Rd / Oakwood Ave,-79.441042,43.6926825,14,5,32,57,26,2,81,0,2,18
7619,Braemar Ave / Eglinton Ave W,-79.4094472,43.7041957,5,9,6,16,79,3,76,1,2,17
7620,Eglinton Ave E / Redpath Ave,-79.39248,43.7078691,3,12,8,31,113,5,107,1,3,25
7621,Long Branch GO Station,-79.545827,43.591561,13,20,1,0,6,2,5,0,0,3
7622,Marie Curtis Park,-79.5432067,43.5880774,8,15,1,0,6,2,4,0,1,3
7624,Guildwood GO Station (South),-79.1971289,43.754978,1,10,2,0,6,2,2,0,1,1
7277,Chorley Park - SMART,-79.3718,43.6856,3,17,1,2,1,3,4,0,0,0
7344,Cherry Beach,-79.345359,43.637764,3,46,7,0,2,3,1,0,0,1
7285,Spadina Ave / Harbord St - SMART,-79.4018451,43.6629228,20,15,26,64,318,11,239,0,17,25
7250,Ursula Franklin St / St. George St - SMART,-79.397107,43.660296,0,16,28,66,398,15,225,2,20,51
7617,Starspray Ave / Lawrence Ave E,-79.123505,43.788319,14,8,0,0,0,2,0,0,0,0
7626,Rouge Hill GO Station,-79.1301203,43.7805505,3,22,0,1,3,1,5,0,1,0
7615,Colonel Danforth Park,-79.1659711,43.7777114,14,13,0,2,8,1,4,0,0,1
7614,Morningside Park (Highland Creek Trail),-79.193023,43.779353,4,19,0,2,7,1,2,0,1,2
7612,Livingston Rd / Guildwood Pkwy,-79.199327,43.747854,6,13,1,0,3,1,1,0,1,0
7613,Livingston Rd (Highland Creek Trail),-79.2026694,43.7561681,12,15,2,0,7,2,2,0,0,0
7630,Twelfth St / Thirteenth St,-79.5108692,43.6002896,11,12,2,2,16,0,10,0,1,1
7631,Florence Gell Park,-79.498398,43.6615467,5,10,2,3,16,1,18,0,1,0
7522,Wallace Ave / Pauline Ave,-79.4397052,43.6632257,10,7,6,6,50,5,87,0,1,7
7610,Kingston Rd / Beech Ave,-79.291714,43.680095,4,10,2,6,33,3,41,0,0,6
7611,Victoria Park Ave / Danforth Ave,-79.288619,43.691468,1,16,2,7,18,1,30,0,0,7
7033,Union Station,-79.380386,43.645609,20,20,88,71,414,35,343,6,9,126
7162,Hayter St / Laplante Ave,-79.3855555555556,43.6591666666667,7,16,56,74,402,35,339,5,20,95
7109,Seaton St / Dundas St E - SMART,-79.369596,43.658777,14,18,43,49,232,21,323,1,5,53
7629,Lundy Ave / Etienne Brule Park,-79.5030161,43.6625395,10,5,0,2,0,1,11,0,1,1
7632,Chiltern Hill Rd / Eglinton Ave W,-79.4275305,43.7004017,14,3,2,2,14,1,13,0,1,4
7589,Torresdale Ave / Antibes Dr,-79.45233,43.77953,9,6,0,2,4,1,7,0,1,3
7590,Esther Shiner Stadium,-79.4447096,43.7774374,5,18,0,2,4,0,7,0,1,3
7190,St. George St / Hoskin Ave,-79.39806449999999,43.6637403,5,10,23,73,322,13,246,0,21,35
7594,Fleming Cres / Bayview Ave,-79.375437,43.707045,4,11,1,11,33,0,39,0,1,7
7333,King St E / Victoria St,-79.3762096,43.6495789,6,13,79,81,411,32,368,7,10,125
7058,Huron St / Harbord St,-79.400053,43.6637,14,5,24,68,279,13,232,0,17,28
7582,Alameda Ave / Vaughan Rd - SMART,-79.4375028,43.690903,8,8,2,4,11,2,17,0,2,2
7473,Adelaide St W / Strachan Ave,-79.41230469904167,43.643253094827294,2,12,19,21,213,12,188,0,2,18
7623,Royal York Rd / Lake Shore Blvd W,-79.4926867,43.6029904,5,14,1,1,5,1,5,0,0,0
7635,Runnymede Rd / Annette St,-79.4799176,43.6596299,2,13,11,16,52,2,59,0,2,6
7156,Salem Ave / Bloor St W,-79.43166666666667,43.6608333,9,6,12,8,71,5,92,1,2,8
7157,Dufferin St / Bloor St,-79.43583333333333,43.66083333333333,4,17,10,10,59,4,93,1,1,7
7539,Davisville Ave / Pailton Cres,-79.39199,43.69933,17,2,3,35,80,4,74,2,3,24
7581,High Park Ave / Dundas St W,-79.4701178,43.6653032,9,6,11,18,58,2,64,0,1,3
7637,Judson St / Royal York Rd,-79.4990363,43.6162721,11,8,2,4,22,1,11,0,1,1
7608,Wilket Creek Park,-79.355474,43.720645,6,21,1,6,5,3,9,0,0,1
7641,Annette St / Dundas St W,-79.4588522,43.6641174,6,9,9,15,53,2,65,0,2,4
7633,Noble St / Queen St W,-79.4296346,43.6424558,7,8,14,9,145,2,139,0,1,6
7643,Oriole Pkwy / Kilbarry Rd,-79.4026176,43.6954486,14,5,4,16,55,1,58,1,1,13
7644,East Lynn Ave / Danforth Ave,-79.3149901,43.6850809,3,12,57,81,27,4,103,0,1,31
7596,Langford Ave / Danforth Ave - SMART,-79.3405681,43.6800218,5,11,3,9,78,4,65,1,1,9
7645,University of Toronto Scarborough,-79.1849889,43.7842419,1,15,0,1,4,1,3,0,2,1
7291,190 Queens Quay E,-79.36536439999999,43.6451308,3,12,39,25,128,17,111,0,2,19
7492,324 Cherry St,-79.3552533,43.6482995,12,5,22,7,36,12,52,0,0,4
7647,Elm St/ University Ave (East Side),-79.38781039999999,43.65637299999999,14,3,66,98,565,25,469,5,19,136
7263,Walton St / Elizabeth St - SMART,-79.38631,43.657838,12,8,62,92,469,33,412,5,19,110
7616,Waterfront Trail (Rouge Hill),-79.131911,43.778015,5,13,0,0,2,1,3,0,1,0
7565,St Clair Ave W / Gunns Rd,-79.470171,43.672079,10,13,11,16,57,3,72,0,2,3
7348,Pape Ave / Gamble Ave,-79.350119,43.690237,11,8,2,3,18,3,21,0,1,2
7404,Roehampton Ave / Mount Pleasant Rd,-79.39139,43.70942,11,8,9,29,112,3,110,1,3,24
7034,Church St / Bloor St E,-79.382919,43.671389,1,14,22,39,213,20,260,0,10,34
7332,200 Bloor St E,-79.38117,43.671561,1,22,19,33,209,20,248,0,9,35
7276,Bloor St W / Balmuto St,-79.387802,43.669903,6,5,73,125,246,22,327,1,16,60
7595,Moore Park,-79.383238,43.693256,4,10,3,18,26,3,25,0,1,4
7654,Bloor St W / Pacific Ave,-79.4636388,43.65412449999999,2,5,4,9,21,2,29,0,1,2
7655,Danforth Ave / Dewhurst Blvd,-79.339243,43.680207,3,12,3,9,79,4,62,1,1,9
7656,Bloor St W / Brock Ave,-79.438715,43.6589882,5,6,7,10,58,4,104,0,1,8
7327,Davenport Rd / Dovercourt Rd - SMART,-79.4352208,43.6741219,6,10,5,10,52,2,62,0,2,5
7657,1 Market St - SMART,-79.3706665,43.6469928,12,7,50,49,250,23,326,3,2,77
7601,Brick Works,-79.36647,43.683884,17,8,8,8,13,3,17,0,0,1
7634,University Ave / Gerrard St W (WEST) - SMART,-79.3899265,43.6578449,16,2,59,88,503,31,438,5,21,107
7284,University Ave / King St W - SMART,-79.3847928,43.6477785,14,8,99,78,562,36,435,8,7,142
7659,Amroth Ave / Danforth Ave,-79.31168269999999,43.6856128,9,10,3,11,25,2,29,0,1,10
7133,Summerhill Station,-79.390556,43.681944,2,9,53,91,57,5,125,0,1,27
7571,Highfield Rd / Gerrard St E,-79.324961,43.671771,13,6,6,8,58,7,33,0,2,2
7046,Niagara St / Richmond St W,-79.409597,43.64534,15,11,16,21,288,12,237,0,2,27
7662,Beaty Ave / Queen St W,-79.4408141,43.6393107,3,16,5,9,48,5,66,0,4,2
7068,Blantyre Park,-79.279682,43.68306889999999,6,16,0,7,16,2,31,0,1,6
7258,Queen St E / Rushbrooke Ave,-79.3323698,43.6626628,8,7,8,9,69,9,68,0,1,8
7091,Donlands Station,-79.3373885,43.681114,5,10,3,10,64,4,63,1,1,9
7523,Lynn Williams St / East Liberty St - SMART,-79.4168659,43.638925,2,13,20,12,138,9,139,0,0,9
7487,Eastwood Rd / Woodbine Ave - SMART,-79.309395,43.676216,1,14,4,12,35,4,52,0,2,5
7406,Victoria St / Queen St E,-79.378208,43.652822,19,4,83,90,468,27,393,9,11,135
7660,285 Victoria St,-79.379625,43.656633,14,5,68,89,474,32,410,5,11,119
7504,Gerrard St E / Victoria Park Ave - SMART,-79.286864,43.686962,1,15,2,8,29,2,40,0,0,8
7663,Kilgour Rd / Rumsey Rd,-79.371914,43.718039,12,5,1,5,8,1,14,0,0,3
7127,Bay St / Scollard St,-79.39018,43.672152,4,11,70,120,227,21,321,0,13,51
7566,Weston Rd / St Clair Ave W - SMART,-79.467994,43.673019,16,3,10,15,54,3,78,0,1,3
7664,Sunnybrook Health Centre - L Wing,-79.37644,43.72268,7,8,0,4,2,0,3,0,1,0
7666,Dundas St W / St Helen Ave - SMART,-79.4407647,43.6504218,16,10,6,12,70,2,121,0,2,4
7642,Yonge St / St Clair Ave,-79.3940052,43.68850459999999,15,3,3,18,33,2,35,0,1,9
7416,Spadina Ave / Blue Jays Way,-79.393295,43.641705,16,15,59,32,374,22,222,3,2,79
7636,Bloor St W / Riverside Dr,-79.487583,43.647663,17,6,1,6,25,2,33,0,2,10
7668,Simcoe St / Dundas St W - SMART,-79.3894093,43.6558557,12,7,66,97,576,27,498,5,18,137
7665,Sunnybrook Health Centre - S Wing,-79.377456,43.720998,5,6,0,4,3,0,3,0,1,0
7670,Yonge St / Woburn Ave - SMART,-79.4032194,43.72814640000001,9,3,0,8,28,2,22,1,1,3
7039,Simcoe St / Michael Sweet Ave,-79.3882538196087,43.652327224103,4,15,85,94,641,26,510,8,14,149
7197,Queen St W / Dovercourt Rd,-79.4227573,43.6438602,5,3,17,15,162,4,149,0,1,7
7671,Yonge St / Montgomery Ave - SMART,-79.3996301,43.7093201,1,11,10,27,125,5,123,1,3,24
7658,Kings Mill Park,-79.49336334201408,43.64920406876699,18,8,3,5,15,1,13,0,0,2
7646,University Ave / Richmond St W,-79.3860211,43.6503935,21,4,95,93,607,31,471,8,10,153
7639,135 Queens Wharf  - SMART,-79.39940399999999,43.6399714,3,12,37,19,273,22,183,1,1,31
7519,406 Oakwood Ave,-79.43937767081853,43.68827060022711,11,8,32,59,28,2,79,0,2,18
7292,Granby St / Church St - SMART,-79.37894570000002,43.6614605,12,12,46,68,359,27,403,5,11,72
7605,Lumsden Ave / Eastdale Ave,-79.30058718775287,43.69413548199171,6,14,4,8,20,1,39,0,1,8
7625,Yonge St / Lawrence Ave,-79.40115449999999,43.7254665,2,21,2,8,28,2,26,1,1,5
7381,Yonge St / Orchard View Blvd,-79.39886200000001,43.7083577,12,23,10,32,126,5,122,1,3,24
7016,Bay St / Queens Quay W (Ferry Terminal),-79.376785,43.640978,17,4,49,35,216,19,120,4,2,74
7135,Hanna Ave / Liberty St,-79.4197107,43.63840090000001,11,4,22,13,127,8,130,0,0,9
7096,Lower Don River Trail and Taylor Creek Trail,-79.33368089999999,43.7027268,9,9,0,0,12,2,9,0,1,3
7604,St Columba Pl / St Clair Ave E,-79.310554,43.70567,4,14,2,2,9,1,10,0,0,1
7172,Strachan Ave / Princes' Blvd,-79.4088888888889,43.635,11,8,19,9,75,10,31,0,1,9
7104,King St E / River St,-79.35627385059036,43.65678478285314,5,6,15,16,86,15,102,0,3,11
7597,Yonge St / Golfdale Rd,-79.403637,43.732016,5,10,0,7,29,0,22,1,1,3
7648,909 Yonge St,-79.38849615969643,43.67515255542865,4,9,64,115,193,17,309,0,8,47
7117,640 Bloor Street E,-79.36701962396272,43.67468857448634,7,12,11,11,34,6,40,0,2,7
7676,York University (Glendon Campus) - SMART,-79.3814254607724,43.72736548824631,4,12,1,4,2,0,5,0,1,2
7677,1303 Yonge St - SMART,-79.39245919999999,43.6846177,2,13,2,17,44,3,48,0,1,8
7354,Tommy Thompson Park (Leslie Street Spit),-79.32088910859937,43.645835578756525,10,2,0,0,0,1,0,0,0,0
7678,York University Station (South) - SMART,-79.5002,43.77345,7,9,1,4,21,0,12,0,1,2
7429,Woodbine Subway Station,-79.313404,43.686442,2,13,5,10,22,2,29,0,1,9
7667,Spadina Ave / Sussex Ave - SMART,-79.40297869999999,43.66402799999999,13,21,24,62,277,12,198,0,16,19
7681,25 Booth Ave,-79.34105699999999,43.6544839,21,2,7,7,57,9,50,0,1,6
7382,Simcoe St / Adelaide St W,-79.38632,43.6481303,17,2,96,80,608,35,460,8,7,150
7022,Simcoe St / Queen St W,-79.3873,43.65049,21,16,94,90,630,28,486,8,10,148
7682,Bathurst St / Front St W,-79.4013882,43.64134790000001,13,14,36,20,287,19,224,0,1,29
7684,Bay St / Harbour St (East),-79.377,43.64215,9,13,60,42,280,22,142,4,2,87
7237,Ward Ave / Wallace Ave,-79.446444,43.663337,8,7,4,7,51,3,79,0,1,7
7322,E Liberty St / Western Battery Rd,-79.4115736,43.6392777,15,2,22,15,188,10,166,0,1,18
7685,King / Brant,-79.39744979999999,43.645102,19,3,62,30,431,25,289,2,5,58
7687,Bloor St W / Gladstone Ave - SMART,-79.4342726,43.6602021,5,5,10,9,70,4,99,1,1,7
7688,High Park Blvd / Parkside Dr,-79.45641169999999,43.644887,11,4,3,7,30,10,47,0,3,2
7689,20 Eaton,-79.34403250000001,43.680012,12,14,4,7,77,3,76,1,1,10
7211,Fort York Blvd / Garrison Rd,-79.406112,43.637381,9,5,20,13,142,16,91,0,1,12
7533,Housey St / Dan Leckie Way,-79.397877,43.63811,12,14,32,11,188,23,112,1,1,25
7675,1525 Dundas St W,-79.432446,43.64957,2,12,11,8,113,5,130,0,2,5
7683,Bay St / Harbour St (West),-79.378325,43.64191,10,5,65,42,296,21,138,4,2,86
7692,85 Lee Ave,-79.2971326,43.6700692,21,5,2,8,28,4,45,0,1,3
7693,Mutual St / Shuter St (Arena Gardens),-79.37558829999999,43.6559476,13,6,61,83,412,29,408,5,9,119
7695,Queen St E / Joseph Duggan Rd,-79.30811709999999,43.6677628,11,8,6,7,29,7,40,0,1,3
7696,Heyworth Cres / Kingston Rd,-79.3068697,43.6750806,9,10,4,8,27,4,40,0,1,4
7698,St Clair Ave W / Caledonia Rd,-79.4547813,43.6754247,4,9,1,7,25,2,42,0,2,1
7701,Roncesvalles Ave / Fermanagh Ave,-79.446895,43.6467433,2,17,7,10,56,6,83,0,3,4
7216,Wellington St W / Stafford St,-79.40966630000001,43.6409957,2,19,24,15,216,12,174,0,1,20
7702,111 Broadview Ave,-79.34993659999999,43.6593483,8,9,13,18,74,18,63,0,2,11
7691,Christie St / Dupont St,-79.421192,43.67168,13,6,17,17,89,6,71,0,2,6
7050,Richmond St E / Jarvis St Green P,-79.374222,43.652634,9,7,62,81,377,30,382,6,9,118
7037,Bathurst St / Dundas St W,-79.4060978,43.6519501,9,17,19,33,415,11,315,0,4,36
7703,Oak St / Sackville St,-79.3641171,43.6613642,10,9,9,20,84,15,96,0,4,11
7704,24 Mountjoy Ave,-79.3304491,43.6808774,4,15,3,14,62,1,54,1,2,9
7705,Colgate Ave / Carlaw Ave,-79.3413344,43.6623658,16,3,9,14,96,11,81,0,3,12
7706,Felstead Ave/Gillard Ave (Monarch Park),-79.3263159,43.6791345,9,18,7,17,63,3,45,1,2,8
7686,Lower Jarvis / The Esplanade,-79.3704721,43.6478206,12,3,51,50,258,24,335,4,2,78
7707,Coronation Park (Martin Goodman Trail),-79.40352209999999,43.635495,9,8,17,10,85,16,26,0,1,11
7708,101 Cedarvale Ave,-79.3110942,43.6868681,0,19,3,9,23,2,30,0,1,8
7699,St Clair Ave W / Oakwood Ave,-79.435364,43.678177,9,6,3,12,51,2,56,0,3,5
7709,Beltline Trail / Yonge St,-79.39504339999999,43.6962302,7,16,2,26,63,3,60,2,2,13
7627,Shaw St / Essex St - SMART,-79.425116,43.667076,2,13,13,12,89,7,70,1,3,6
7460,High Park Outdoor Pool,-79.465319,43.649217,18,8,4,6,21,7,25,0,1,2
7700,St Clair Ave W / Robina Ave,-79.43469,43.68005,10,5,2,13,47,2,49,0,3,5
7527,Joseph J Piccininni Community Centre,-79.4527619,43.675648,11,8,2,7,28,2,44,0,2,2
7710,11 Spadina Rd,-79.4041365,43.6677246,8,10,70,126,169,11,224,0,14,33
7001,Wellesley Station Green P,-79.38355031526893,43.66496415990742,9,15,31,66,320,25,320,2,16,57
7256,Vanauley St / Queen St W - SMART,-79.39838,43.648437,10,2,56,39,552,18,346,3,3,64
7042,Sherbourne St / Wellesley St E,-79.374,43.6673,10,20,21,32,183,15,158,1,4,36
7202,Queen St W / Bay St (City Hall),-79.38269509999999,43.6517925,19,4,88,90,530,30,433,8,11,138
7228,Queen St W / Roncesvalles Ave,-79.4423237,43.6372958,2,17,4,5,43,5,61,0,3,2
7711,Havelock St / Dewson St,-79.4302462,43.6554793,6,9,15,11,118,3,123,1,2,6
7650,St Clair West Subway Station - Heath Entrance,-79.415894,43.686352,9,13,3,8,28,5,24,1,1,3
7712,Queen St W / Shaw St,-79.41610440000001,43.6442457,14,5,10,17,182,9,172,0,1,11
7679,York University Station (North),-79.5005,43.7741,10,5,1,4,23,0,13,0,1,2
7640,Spadina Rd / St.Clair Ave West,-79.410657,43.683979,10,5,3,12,26,5,23,1,1,3
7260,Spadina Ave / Adelaide St W,-79.3953394,43.6472019,10,5,71,51,569,29,334,4,9,93
7099,Cherry St / Mill St,-79.35794659999999,43.6513927,6,9,18,13,69,15,86,0,2,9
7453,Jarvis St / Maitland Pl,-79.3772602,43.6647688,5,11,30,53,286,18,238,3,11,52
7713,Temperance St / Bay St,-79.381285,43.6506,6,9,93,93,531,29,411,8,11,140
7345,Cherry Beach Sports Field (55 Unwin Ave),-79.3429074,43.6408346,10,5,8,0,1,1,1,0,0,1
7728,Randolph Ave / Perth Ave,-79.4497659,43.6585504,16,3,4,8,51,3,75,0,1,5
7719,Wolseley St / Augusta Ave,-79.40051919999999,43.6484201,22,5,40,34,528,14,346,1,3,54
7715,Lumsden Ave / Cedarvale Ave,-79.314283,43.693187,4,7,56,77,15,5,100,0,0,27
7717,Niagara St / Portland St,-79.40011729999999,43.6425791,10,1,45,24,322,23,243,1,1,36
7716,Church St / The Esplanade,-79.3733192,43.6469251,10,9,59,65,302,31,336,4,7,105
7720,King St W / Portland St,-79.40065430000001,43.644395,7,5,38,26,367,23,280,1,2,40
7721,Widmer St / King St W,-79.391206,43.6463574,4,6,82,60,594,34,461,6,8,130
7724,Wellesley St E / Parliament St,-79.3702641,43.6682342,2,12,14,19,98,13,94,0,3,18
7725,Yonge St / Macpherson Ave,-79.39071899999999,43.6791876,1,13,55,101,114,9,226,0,5,36
7130,Davenport Rd / Bedford Rd,-79.398331,43.674446,10,5,62,122,192,12,289,0,9,37
7680,Princes' Blvd / Nunavut Rd,-79.4143057,43.6334636,18,1,21,7,50,8,32,0,0,4
7243,Exhibition GO Station,-79.4187711,43.6352007,9,5,25,10,80,7,60,0,0,7
7729,265 Armadale Ave,-79.48296909999999,43.6501644,13,18,4,8,33,2,47,0,3,10
7730,800 Fleet Street,-79.408832,43.636804,21,19,22,11,135,10,75,0,1,11
7548,St Joseph St / Bay St - SMART,-79.38761010000002,43.6658804,2,18,76,145,302,25,358,1,21,69
7731,Victoria Park Ave / Kingston Rd,-79.28357,43.68035,2,13,1,4,26,3,28,0,1,5
7505,Ontario St / Adelaide St E -SMART,-79.3667689,43.6535052,4,13,40,41,176,20,173,0,3,30
7738,Highview Ave / Kennedy Rd,-79.2563167072858,43.70241858146351,9,6,0,1,9,1,11,0,1,1
7732,Kingston Rd / Warden Ave,-79.27046628033244,43.68824135931814,6,7,0,3,11,0,6,0,1,1
7735,Birchcliff Ave / Kingston Rd,-79.265027,43.691688,5,10,0,2,7,1,4,0,1,0
7737,Kingston Rd / Glen Everest Rd,-79.25655146462776,43.697490048103,5,10,0,3,5,1,2,0,0,0
7736,Birchmount Rd / Kingston Rd,-79.26257204548136,43.69401297794256,3,12,0,2,3,1,4,0,1,0
7733,Pharmacy Ave / Danforth Ave,-79.28339980000001,43.6929478,6,9,1,5,16,1,19,0,1,4
7734,Danforth Ave / Warden Ave,-79.27180659999999,43.6950192,3,12,0,2,11,0,5,0,1,0
7743,Eglinton Ave W / Gilbert Ave,-79.4627536,43.69263249999999,5,14,32,56,11,1,86,0,1,20
7740,Sharpe St / Park St (Sandown Park),-79.2541175,43.7105975,6,9,0,1,8,1,11,0,0,1
7742,Eglinton Ave W / Prospect Cemetery,-79.45782580000001,43.69415,12,7,33,56,11,1,88,0,1,18
7251,The Royal Ontario Museum (Bloor St Entrance),-79.3946235999697,43.668500046272165,3,15,69,139,259,20,324,1,19,56
7746,Marlee Ave / York Beltline Trail,-79.44099,43.70163,6,13,33,54,27,1,84,1,1,17
7745,Bert Robinson Park,-79.460265,43.688028,9,6,31,56,13,1,74,0,1,18
7744,Rogers Rd / Prospect Cemetery,-79.455765,43.68323,8,15,0,5,19,0,31,0,1,0
7747,Eglinton Ave W / Ennerdale Rd,-79.45376999999999,43.69466,8,6,33,57,12,1,90,0,1,18
7094,Chester Station,-79.3513564,43.6784834,4,5,10,8,79,5,74,0,1,7
7748,Bloor St W / Old Mill Trl,-79.4963345,43.65016869999999,6,13,3,5,17,1,13,0,0,1
7749,Wendover Rd / Bloor St W (Green P),-79.50601999999999,43.6492,11,4,0,4,23,1,10,0,1,4
7750,Luttrell Ave / Danforth Ave,-79.2939525,43.6897656,3,12,2,5,17,1,35,0,0,7
7543,Bellevue Square Park,-79.4028245,43.6537513,10,7,22,40,451,13,331,0,8,38
7752,1926 Lake Shore Blvd W,-79.4674917,43.6357643,1,21,1,0,2,9,3,0,0,0
7751,Willingdon Blvd / Bloor St W (Green P),-79.51008,43.64839,10,5,0,5,31,0,12,0,1,8
7753,36 Park Lawn Rd,-79.4838132,43.62369169999999,12,3,1,1,18,4,12,0,2,4
7741,Howard Park Ave / Parkside Dr,-79.458111,43.648657,5,10,4,10,38,6,53,0,3,3
7025,Ted Rogers Way / Bloor St E,-79.380471,43.671293,11,12,19,31,217,19,236,0,9,33
7754,Walter Saunders Park,-79.4493630391668,43.69932707258943,6,9,33,55,16,1,101,0,1,16
7755,Park Lawn Rd / Berry Rd,-79.4934616,43.63560589999999,2,13,0,3,11,0,6,0,1,1
7756,Tobemory Dr / Finch Hydro Recreational Trail,-79.5114452,43.7611741,12,6,0,1,9,0,13,0,2,0
7758,Driftwood Ave / Finch Hydro Trail,-79.5162777,43.7603624,11,7,0,1,9,0,11,0,2,0
7760,Grand Avenue Park,-79.4918,43.62313,6,16,1,5,29,2,16,0,2,4
7759,The Pond Rd / Shoreham Dr,-79.511912,43.772445,4,11,0,2,10,0,3,0,0,0
7506,Berkeley St / Adelaide St E - SMART,-79.365023,43.653359,4,6,32,30,144,19,132,0,3,19
7739,Kingston Rd / Ridgemoor Ave,-79.25104443353288,43.70643614257429,6,5,0,1,7,1,9,0,0,1
7761,Moss Park,-79.370638,43.655972,11,3,52,60,287,24,372,1,5,74
7241,519 Church St,-79.381155,43.666874,6,6,25,51,264,22,276,1,11,51
7398,York St / Lake Shore Blvd W,-79.380723,43.641952,16,3,67,45,336,21,182,4,2,90
7718,St. Andrew's Playground Park,-79.399586,43.646552,5,6,47,31,463,20,328,3,4,54
7762,College St / Henry St ,-79.3947953,43.6591529,8,4,38,71,437,26,220,4,22,61
7521,Emerson Ave / Bloor St W,-79.440764,43.659055,2,21,4,11,58,5,104,0,1,8
7757,The Well,-79.39430137761319,43.643025055165865,14,2,62,32,383,25,234,2,3,77
7311,Sherbourne St / Isabella St,-79.375961,43.669576,9,10,22,35,184,15,174,1,7,39
1405,PBSC-K3Test,-79.3893,43.659491,1,0,58,82,444,33,371,5,22,94
7694,Victoria Park Ave / Dawes Rd,-79.29511,43.706466,7,12,0,3,10,1,5,0,1,2
