uid,entertainment,education,dining,park,shopping,metro_station,library,bank,atm,creditunion
7303,3,13,20,13,0,0,2,7,1,5
7301,8,24,22,13,2,0,2,17,2,12
7309,2,12,17,13,0,0,2,9,1,7
7045,37,50,50,25,8,6,12,50,46,50
7044,23,50,50,29,10,4,14,50,25,50
7047,37,50,50,22,11,5,31,50,32,50
7041,50,50,50,28,12,7,14,50,39,50
7040,9,41,36,24,0,2,4,16,3,12
7128,32,50,48,21,5,3,11,50,13,35
7129,33,50,38,21,4,5,12,38,10,27
7126,36,50,50,27,5,4,17,50,17,43
7124,8,50,33,17,0,0,2,12,2,9
7048,38,50,50,33,8,4,11,50,42,50
7120,9,50,32,15,0,0,3,19,4,15
7121,43,50,50,24,9,2,11,50,37,50
7346,5,48,35,18,0,0,4,14,2,11
7347,5,30,26,14,2,0,1,19,2,14
7342,6,31,26,12,0,0,3,13,3,9
7343,7,30,32,11,0,0,4,6,0,5
7340,2,41,33,18,0,2,3,16,0,16
7341,5,25,24,10,0,0,2,11,2,7
7349,0,23,12,7,0,0,3,8,1,5
7269,50,50,50,29,13,6,12,50,45,50
7268,41,50,50,24,10,5,11,50,36,50
7265,17,38,27,12,1,3,1,15,2,10
7267,24,50,50,19,7,1,9,50,26,50
7266,0,30,13,4,2,1,0,9,1,7
7262,2,34,27,9,0,0,3,18,4,10
7379,6,50,27,11,3,1,2,29,5,21
7378,2,38,21,9,1,0,2,20,3,14
7000,41,50,46,31,2,0,5,50,16,33
7003,28,50,32,24,2,3,29,33,12,20
7002,28,50,29,25,4,3,32,49,16,33
7005,50,50,50,32,10,6,12,50,50,50
7004,36,50,50,20,13,4,27,50,37,50
7007,30,50,28,18,6,2,30,48,12,50
7279,5,50,21,7,2,2,3,28,5,20
7175,9,35,41,27,4,0,4,50,17,50
7174,16,38,27,13,0,3,1,16,2,11
7176,24,50,43,26,2,0,2,42,11,28
7171,15,4,8,14,1,0,0,8,1,6
7170,16,50,45,25,2,4,32,43,10,31
7173,13,30,20,10,0,0,4,12,3,9
7178,16,35,30,14,0,3,1,17,2,12
7078,31,50,36,16,5,0,25,50,12,42
7079,21,50,50,27,8,4,14,50,27,50
7075,10,15,31,26,1,0,2,28,9,18
7076,10,28,50,23,5,2,3,50,23,50
7077,28,50,50,26,9,4,18,50,28,50
7070,33,50,50,29,8,4,7,50,41,50
7071,15,50,43,23,3,2,6,50,17,35
7073,44,43,40,29,3,0,6,41,18,43
7188,35,16,40,17,2,0,0,29,11,18
7189,50,50,50,13,6,0,15,50,14,41
7180,22,48,41,17,2,3,1,16,2,12
7181,22,50,49,17,2,3,1,18,2,14
7182,23,50,43,14,2,2,1,22,2,17
7183,26,47,43,14,2,2,0,18,2,13
7184,18,50,41,14,0,0,1,38,7,30
7221,5,22,15,12,0,0,1,8,1,5
7220,2,3,0,7,0,0,0,6,2,6
7223,8,29,18,14,0,1,0,13,2,8
7222,7,5,6,9,0,0,1,5,0,4
7225,2,3,0,7,0,0,0,6,2,6
7224,5,18,14,11,0,0,1,8,1,5
7227,5,11,9,6,1,0,0,4,2,1
7226,10,14,17,9,2,0,1,10,1,6
7229,20,43,25,13,0,3,1,20,2,14
7380,6,50,46,11,1,0,3,37,5,26
7386,50,50,50,18,13,5,29,50,31,50
7387,1,45,34,9,0,2,4,29,2,22
7384,38,50,40,31,5,4,29,50,17,43
7385,40,50,50,30,8,4,20,50,24,50
7122,34,50,50,27,1,0,2,44,14,26
7123,49,50,50,26,7,0,8,49,24,44
7257,50,50,50,24,16,5,26,50,41,50
7252,13,50,39,24,1,3,26,33,7,22
7253,50,50,50,36,9,4,13,50,46,50
7315,3,38,16,9,0,0,2,9,0,8
7314,3,15,13,12,0,0,2,12,2,9
7317,3,28,12,9,0,0,1,7,0,6
7316,3,34,18,9,0,0,1,10,0,9
7259,20,31,26,29,3,0,4,37,17,37
7313,1,6,10,12,0,0,0,7,0,6
7312,5,42,25,12,0,0,5,19,4,13
7032,50,45,50,13,6,0,13,50,13,47
7035,41,38,50,24,2,0,0,42,12,28
7036,28,50,50,15,1,0,2,31,10,23
7038,50,50,50,29,11,6,13,50,41,50
7132,26,50,50,26,1,3,19,29,8,20
7137,7,44,29,14,0,0,2,11,3,5
7136,21,27,35,15,2,0,2,12,4,7
7148,42,30,50,20,3,0,2,28,11,17
7149,11,41,35,17,0,0,3,10,2,5
7144,8,50,43,17,0,1,4,10,2,6
7146,2,32,32,11,0,0,3,20,4,12
7147,40,28,50,17,3,0,2,31,11,17
7140,9,46,19,22,0,2,2,7,1,4
7141,5,50,20,17,0,1,3,4,0,3
7142,7,33,18,14,0,1,2,6,1,3
7143,11,45,38,25,0,3,9,15,2,11
7351,2,36,23,10,0,2,0,16,3,9
7350,1,34,27,9,0,2,3,21,3,12
7353,1,50,42,10,0,3,4,29,2,22
7352,0,32,14,8,0,0,5,9,1,6
7355,1,25,11,6,0,1,1,23,4,15
7357,4,22,15,11,0,0,2,7,1,4
7356,31,50,50,21,1,0,4,50,16,42
7359,0,15,0,12,0,0,0,2,0,2
7210,40,35,50,16,2,0,2,19,3,15
7217,50,46,50,24,8,3,12,50,36,50
7326,10,24,19,12,2,0,2,18,2,13
7320,50,50,50,35,8,4,8,50,45,50
7321,48,50,50,35,8,4,9,50,45,50
7323,50,50,50,26,7,2,8,50,26,50
7150,20,46,49,10,1,2,1,23,4,18
7328,31,50,36,20,4,3,7,36,10,25
7329,43,40,50,19,3,0,0,45,11,31
7368,40,41,48,13,0,0,1,31,5,24
7369,7,25,20,14,1,0,1,8,1,6
7100,13,50,38,15,0,0,4,24,6,17
7101,32,50,47,15,2,1,4,43,21,46
7102,50,50,50,27,11,5,13,50,50,50
7103,7,38,35,13,0,0,4,13,2,10
7105,28,50,41,17,1,0,4,35,11,28
7106,24,39,32,11,1,0,2,19,6,15
7107,22,43,37,14,1,0,2,21,7,15
7108,27,50,41,17,1,0,2,28,9,22
7069,50,45,50,19,8,3,14,50,28,50
7067,34,50,50,31,6,3,5,50,36,50
7066,20,50,36,20,3,3,34,38,9,39
7065,17,50,36,14,0,0,3,41,12,31
7064,29,50,50,17,1,0,4,39,12,30
7063,37,50,35,31,4,7,36,50,19,42
7366,24,50,39,26,2,0,2,41,11,27
7367,45,43,50,17,1,0,2,36,10,23
7199,18,39,46,13,3,0,9,40,6,31
7198,35,28,39,14,1,0,2,15,5,9
7193,47,43,50,16,2,0,2,38,11,24
7192,8,43,35,17,1,0,4,29,6,22
7191,7,50,43,21,2,3,24,37,7,27
7196,6,47,28,13,0,0,4,27,5,22
7195,17,49,50,20,2,1,19,42,7,32
7194,1,27,22,4,0,2,4,15,3,12
7392,2,42,24,14,0,1,2,16,4,11
7083,0,36,21,14,1,0,1,12,4,8
7441,8,35,18,12,0,1,2,10,3,6
7086,4,19,16,11,0,0,1,9,1,6
7388,2,34,23,11,0,2,0,15,3,8
7089,19,50,50,26,9,3,14,50,23,50
7389,38,50,50,28,9,5,17,50,29,50
7088,3,50,25,13,0,2,2,16,2,13
7383,32,50,50,28,6,3,3,50,33,50
7247,23,46,31,14,1,3,1,21,2,15
7246,42,50,46,30,5,4,21,50,21,48
7244,15,15,18,10,3,0,0,12,4,7
7242,15,8,7,5,1,0,0,4,0,4
7240,7,50,33,12,0,0,4,23,6,16
7360,13,50,43,15,1,0,2,39,7,31
7361,4,29,31,9,0,0,2,21,4,13
7362,4,28,29,8,0,0,2,21,4,13
7364,1,23,11,3,0,0,0,6,1,5
7365,2,24,13,13,0,0,1,13,0,12
7249,37,45,43,13,0,0,1,37,6,29
7248,50,50,50,13,8,2,20,50,17,50
7432,48,50,50,20,4,1,5,50,28,50
7023,15,50,43,14,4,0,17,50,11,43
7020,50,50,50,20,9,3,16,50,25,50
7027,50,50,50,18,9,4,21,50,32,49
7026,40,50,50,27,10,3,32,50,28,50
7028,37,50,50,27,10,2,11,50,33,50
7097,2,41,26,13,0,2,1,18,3,10
7095,2,36,25,9,0,2,1,23,3,16
7092,1,47,40,13,0,3,2,25,2,19
7093,1,47,40,12,0,4,2,26,3,19
7090,0,47,30,11,0,3,1,11,2,9
7158,41,42,50,20,3,0,2,39,13,21
7155,8,50,34,26,0,3,14,24,5,18
7154,8,49,45,25,0,3,6,17,5,12
7153,9,45,34,15,0,0,4,19,5,13
7152,6,47,30,10,0,0,2,21,4,17
7151,11,50,35,20,0,0,3,12,3,6
7296,8,41,27,13,1,0,1,14,3,10
7297,19,49,47,10,1,2,2,25,4,20
7298,47,45,49,23,3,0,4,50,17,42
7299,28,50,50,16,1,0,4,38,12,27
7209,36,45,39,13,0,0,1,38,6,29
7208,12,39,29,13,1,0,4,36,5,29
7207,39,46,47,15,1,0,2,47,11,32
7206,36,50,48,16,3,0,2,40,5,31
7205,22,48,50,12,1,0,2,30,5,23
7204,16,43,26,12,1,0,1,34,5,27
7337,6,44,32,16,0,0,2,8,1,6
7336,6,24,23,14,0,0,2,9,1,6
7334,50,50,50,34,8,5,12,50,50,50
7331,0,16,7,7,0,0,3,9,2,7
7339,2,45,44,14,0,4,1,24,2,19
7338,2,43,37,13,0,2,2,27,2,21
7112,31,24,47,20,3,0,2,26,10,15
7111,43,28,50,21,2,0,0,33,11,22
7110,30,40,40,19,1,0,5,44,16,43
7115,14,50,40,22,3,3,9,38,9,25
7114,7,50,29,14,0,0,4,26,8,17
7119,3,50,24,13,0,0,4,17,3,13
7118,44,50,50,34,10,6,13,50,47,50
7059,49,50,50,29,5,3,7,50,34,50
7053,50,50,50,32,9,5,12,50,48,50
7056,10,50,41,12,0,0,5,26,8,18
7054,43,50,50,27,4,1,6,50,23,50
7055,20,50,50,24,7,2,11,50,24,50
7319,5,11,14,8,0,0,0,7,1,4
7318,3,31,14,9,0,0,1,7,0,6
7272,39,50,50,30,9,4,27,50,25,50
7273,42,50,50,29,9,5,30,50,24,50
7270,40,50,50,25,10,3,12,50,35,50
7271,25,50,50,27,10,5,18,50,30,50
7275,50,50,50,28,13,6,16,50,48,50
7371,6,50,47,9,1,0,4,50,8,36
7377,2,41,23,9,1,0,2,21,3,14
7376,2,28,18,8,1,0,1,14,3,9
7375,35,50,50,31,8,4,7,50,43,50
7374,47,50,41,20,4,2,5,36,25,34
7098,3,41,13,14,0,0,1,5,1,3
7014,15,50,50,23,4,2,9,50,18,43
7015,44,50,50,33,10,6,13,50,47,50
7012,42,50,50,25,12,6,17,50,42,50
7010,50,50,50,28,7,2,8,50,30,50
7139,9,30,16,16,0,1,1,7,1,4
7168,29,50,50,26,5,2,2,50,27,50
7169,39,50,50,32,8,4,11,50,43,50
7085,1,43,26,19,0,0,1,13,3,10
7031,23,49,50,28,6,3,12,50,18,45
7163,24,50,50,27,9,5,16,50,31,50
7160,34,47,45,25,1,0,4,47,14,27
7161,37,50,50,17,5,3,31,50,20,50
7164,50,50,50,26,11,6,12,50,36,50
7283,39,50,50,32,7,4,11,50,43,50
7281,40,50,50,32,9,5,25,50,25,50
7280,27,50,48,29,6,4,15,50,17,47
7287,7,36,35,14,0,0,3,15,2,11
7286,5,44,29,14,0,0,2,12,2,9
7289,1,3,3,6,0,0,0,12,5,8
7288,0,6,11,8,0,0,1,15,5,9
7131,31,50,43,28,4,3,31,47,12,36
7236,9,50,34,16,0,0,3,16,3,11
7234,22,41,22,15,1,1,1,19,2,13
7232,18,22,29,16,2,0,3,14,4,8
7233,27,23,36,12,2,0,2,14,5,9
7230,17,26,20,17,1,0,1,16,2,11
7238,22,45,29,14,1,0,1,16,2,11
7239,11,50,40,19,0,0,3,19,5,13
7057,50,50,50,34,8,4,11,50,50,50
7278,6,38,38,14,0,0,2,9,1,7
7508,21,50,36,15,0,0,5,48,13,37
7497,23,50,48,16,2,3,0,18,2,13
7496,12,17,15,10,1,0,1,11,1,7
7493,27,50,44,15,1,0,2,29,9,23
7494,34,50,41,28,4,4,15,50,12,39
7489,26,50,44,14,1,0,4,28,8,23
7485,2,37,20,11,0,0,3,14,3,11
7486,1,41,22,11,0,0,2,12,4,9
7483,3,50,17,12,0,0,3,13,2,10
7480,2,31,28,10,0,1,3,15,2,9
7479,0,26,24,10,0,1,3,15,2,9
7477,7,33,26,14,1,3,1,11,2,8
7474,47,50,50,31,6,2,8,50,30,50
7471,2,13,8,11,0,0,3,14,3,10
7468,50,50,50,36,8,4,8,50,41,50
7467,36,50,50,31,8,4,6,50,37,50
7466,2,33,26,12,0,1,3,14,2,8
7465,2,32,14,13,1,0,1,17,3,11
7458,39,50,50,22,8,5,11,50,42,50
7462,42,50,50,25,10,6,15,50,46,50
7461,5,8,3,9,0,0,0,0,0,0
7457,36,50,43,24,8,5,40,50,21,50
7454,0,15,1,11,0,0,0,3,0,2
7452,13,33,32,21,1,3,6,39,10,26
7451,41,32,49,23,2,0,1,33,10,21
7450,2,49,44,11,0,4,2,27,3,20
7449,2,12,2,9,0,0,1,6,2,3
7448,0,34,15,7,1,1,3,8,1,6
7445,3,23,15,13,0,0,2,7,2,5
7447,0,39,21,10,2,1,1,12,2,9
7446,3,17,17,13,0,0,2,12,2,9
7444,7,39,15,13,0,0,2,8,3,5
7440,14,4,10,11,1,0,0,6,0,5
7437,7,50,36,10,1,0,2,20,4,16
7438,4,26,17,10,0,0,1,9,1,6
7434,2,19,22,11,1,0,1,12,1,9
7435,2,32,30,10,0,0,3,18,3,12
7433,5,46,35,17,0,0,2,12,2,9
7431,6,36,30,14,0,0,4,4,0,4
7430,11,9,21,7,1,0,2,7,3,2
7427,2,6,10,10,0,0,0,8,0,7
7425,1,6,0,8,0,0,0,10,3,8
7424,1,50,17,11,0,0,2,13,2,8
7422,32,26,39,14,3,0,2,22,7,13
7418,26,50,50,26,9,4,18,50,28,50
7419,27,50,30,24,2,3,29,37,14,22
7420,8,50,48,23,0,3,11,20,5,14
7414,8,34,20,8,0,0,2,7,3,4
7415,9,29,26,8,2,0,4,12,4,9
7410,6,50,38,11,1,1,3,26,6,16
7411,8,13,14,23,1,0,2,11,4,6
7409,35,50,50,32,7,3,15,50,18,50
7408,50,50,50,23,15,6,18,50,47,50
7407,50,50,50,25,14,7,18,50,49,50
7403,5,50,43,11,1,0,4,50,9,35
7400,3,2,6,6,0,0,0,0,0,0
7395,0,31,16,6,2,1,2,9,1,7
7399,17,49,42,19,3,2,3,40,23,35
7488,0,12,0,11,0,0,0,2,0,2
7261,24,50,39,14,1,0,2,41,10,29
7463,50,50,50,25,9,1,10,50,25,50
7231,32,40,36,16,1,0,1,20,2,14
7478,2,3,0,9,0,0,0,6,2,6
7084,3,10,5,10,0,0,1,1,0,1
7302,4,34,30,10,1,0,3,8,1,6
7087,3,45,24,14,0,1,2,17,4,13
7024,24,50,50,33,9,3,20,50,22,50
7503,1,42,28,9,2,0,2,15,2,12
7203,8,13,15,23,1,0,2,14,5,7
7043,12,50,44,25,5,2,4,50,22,50
7018,38,50,50,28,6,2,5,50,30,50
7412,43,34,50,20,3,0,1,34,10,21
7391,48,50,50,28,11,6,12,50,43,50
7459,3,39,34,8,1,0,5,15,1,12
7030,42,50,50,26,9,4,34,50,28,50
7501,8,39,22,14,0,0,2,8,3,5
7264,17,50,48,26,3,4,11,50,12,35
7469,50,50,50,34,9,5,10,50,49,50
7061,13,50,46,24,0,3,22,22,5,16
7138,7,33,31,9,0,0,3,15,3,8
7417,44,50,50,32,10,5,16,50,47,50
7373,44,50,50,23,5,2,4,50,31,50
7455,2,1,1,5,0,0,0,1,1,0
7428,2,15,15,13,0,0,1,14,0,13
7324,50,50,50,30,8,2,13,50,32,50
7475,42,50,50,22,7,3,10,50,35,50
7476,8,25,21,14,1,1,1,9,1,7
7009,42,50,50,24,6,3,4,50,37,50
7029,40,50,43,27,5,4,29,50,19,47
7335,41,50,47,29,5,4,30,50,20,49
7442,2,23,17,8,1,0,1,19,4,12
7363,4,28,27,8,0,0,2,21,4,13
7443,42,50,50,24,9,2,11,50,28,50
7072,11,19,31,26,1,0,2,18,7,9
7245,50,50,50,18,5,0,4,50,14,37
7052,38,50,50,33,9,4,12,50,46,50
7484,6,50,37,13,1,0,3,34,5,23
7074,40,50,50,27,6,4,5,50,37,50
7021,50,50,50,26,15,7,18,50,50,50
7008,38,50,47,26,9,4,36,50,26,50
7006,36,50,50,27,9,4,25,47,30,50
7062,37,50,50,24,10,5,38,50,28,50
7502,39,50,50,24,9,4,39,50,29,50
7274,37,50,50,22,9,4,41,50,28,50
7235,37,50,50,28,9,4,25,49,30,46
7516,1,13,7,13,0,0,3,11,3,7
7514,1,3,7,6,0,0,0,14,5,8
7518,3,3,4,9,0,0,0,2,0,2
7517,1,6,0,9,0,0,2,6,2,6
7520,34,38,43,12,2,0,3,18,2,13
7524,46,33,50,21,2,0,2,40,14,24
7526,5,27,15,11,2,0,2,8,1,5
7528,5,31,20,15,0,0,2,9,3,3
7530,5,41,39,20,2,3,10,22,4,15
7534,37,50,50,21,3,0,2,45,12,27
7538,2,26,24,11,0,0,2,15,3,10
7536,37,40,50,15,5,0,3,50,9,46
7531,33,50,48,27,2,3,19,31,11,21
7537,9,50,39,18,1,0,4,26,4,21
7545,50,50,50,17,13,4,25,50,29,50
7547,38,50,50,22,11,4,37,48,30,49
7546,39,50,50,14,6,2,30,50,21,50
7552,1,8,12,8,0,0,1,10,3,7
7553,2,31,9,9,1,0,1,7,1,5
7556,2,22,8,6,0,0,3,7,1,5
7555,2,15,6,9,0,0,2,6,1,4
7558,0,7,3,3,0,0,1,5,2,2
7554,2,31,9,8,1,0,1,4,1,4
7515,1,13,7,13,0,0,3,8,2,6
7562,0,20,18,3,0,0,3,10,2,7
7564,1,21,22,5,0,0,3,11,2,8
7563,1,15,17,4,0,0,3,13,2,10
7567,0,22,10,4,2,0,2,12,1,11
7561,0,21,11,5,0,0,3,4,0,4
7568,19,25,32,15,2,0,2,11,4,6
7570,8,48,37,15,0,0,4,14,2,11
7569,14,4,9,14,1,0,0,10,3,6
7572,0,21,8,6,0,0,3,6,1,5
7559,0,19,23,9,0,1,3,20,4,14
7541,35,50,44,16,1,0,2,37,5,31
7575,25,50,32,12,1,0,2,17,5,13
7557,1,6,9,5,0,0,1,16,5,10
7529,10,24,18,14,1,0,3,17,2,13
7576,24,46,31,13,1,0,2,18,5,14
7577,11,50,38,17,0,0,4,21,5,16
7551,29,45,33,18,1,0,4,20,14,25
7549,16,50,38,24,4,2,7,50,18,40
7579,3,50,38,11,1,0,4,45,7,30
7580,5,50,50,11,1,0,5,50,8,34
7540,5,50,23,11,3,2,2,28,5,19
7583,0,7,1,8,0,0,0,3,0,2
7584,3,50,22,1,1,1,9,11,2,9
7585,2,47,8,3,0,1,5,11,5,6
7586,1,24,14,2,0,1,1,13,5,5
7587,0,25,10,5,3,0,2,7,1,5
7588,1,20,6,2,1,0,1,7,3,4
7591,5,50,35,5,1,0,3,42,8,30
7593,1,33,17,3,0,0,1,17,2,13
7598,2,37,13,4,0,1,0,11,1,9
7600,29,50,42,15,5,4,34,50,11,50
7602,2,11,6,5,0,0,1,9,3,5
7603,4,10,10,0,0,0,0,4,1,2
7606,0,32,13,6,0,1,3,6,1,4
7542,50,48,50,28,11,3,13,50,41,50
7607,2,30,19,14,0,0,3,12,4,8
7599,50,50,50,28,11,6,18,50,48,50
7609,0,6,2,5,1,0,0,6,1,4
7618,1,27,13,9,0,0,3,14,3,8
7619,5,50,22,5,1,0,3,34,6,25
7620,5,50,42,9,1,0,5,44,7,28
7621,0,5,10,5,0,0,0,5,2,4
7622,0,3,8,6,0,0,0,5,2,4
7624,1,14,1,4,1,0,2,3,0,3
7277,0,12,0,9,0,0,0,2,0,2
7344,0,2,0,3,0,0,0,0,0,0
7285,11,50,39,24,1,4,33,41,10,28
7250,30,50,40,17,4,4,34,50,14,50
7617,1,4,1,1,0,0,0,0,0,0
7626,2,5,3,1,0,0,1,0,0,0
7615,0,4,3,3,0,0,0,1,0,1
7614,0,44,6,0,0,0,2,6,1,6
7612,1,11,2,2,2,0,2,4,0,4
7613,0,10,1,2,1,0,0,0,0,0
7630,2,38,18,9,1,0,1,5,1,5
7631,1,14,5,2,0,0,3,2,1,1
7522,10,32,34,13,2,2,1,17,2,14
7610,2,45,19,8,1,0,2,9,2,7
7611,0,35,14,3,2,1,0,10,1,8
7033,40,48,50,32,7,4,10,50,43,50
7162,39,50,50,27,9,5,24,50,29,50
7109,21,50,44,13,0,1,10,37,16,40
7629,1,9,6,3,0,0,3,3,1,2
7632,1,21,7,10,0,1,1,14,3,9
7589,0,16,0,4,0,0,1,5,0,5
7590,0,19,4,2,0,0,1,8,0,8
7190,25,50,43,21,3,4,34,44,13,33
7594,0,30,16,4,0,0,3,18,2,13
7333,39,50,50,25,10,5,12,50,48,50
7058,17,50,44,24,1,4,33,41,12,27
7582,0,25,10,9,0,0,3,9,2,5
7473,44,42,50,20,3,0,1,44,12,27
7623,0,8,13,6,0,0,0,3,0,3
7635,1,31,21,8,0,0,1,9,1,7
7156,6,42,38,8,1,2,1,14,3,11
7157,13,34,39,11,2,2,1,17,3,13
7539,1,50,28,10,0,0,2,28,3,17
7581,8,30,26,8,2,0,1,12,4,9
7637,2,20,7,3,0,0,2,7,1,4
7608,0,3,0,5,0,0,0,2,1,1
7641,12,36,20,8,0,1,2,11,3,7
7633,42,33,50,16,2,0,2,28,9,16
7643,2,25,17,8,2,0,1,12,2,9
7644,2,43,24,15,0,1,2,17,4,13
7596,1,50,38,14,0,4,2,23,2,19
7645,0,42,5,0,0,0,2,4,1,4
7291,24,40,25,15,1,0,3,20,11,24
7492,18,30,20,12,1,0,1,14,4,11
7647,50,50,50,22,13,5,27,50,39,50
7263,38,50,50,26,10,5,26,50,37,50
7616,2,6,3,1,0,0,1,0,0,0
7565,8,18,22,5,2,0,2,14,4,11
7348,0,27,13,8,0,0,3,10,1,7
7404,5,50,39,10,1,0,4,42,6,28
7034,34,50,46,27,5,4,14,50,16,43
7332,27,42,38,28,4,4,11,49,12,37
7276,41,50,46,30,5,5,23,50,21,47
7595,1,38,10,8,1,1,1,10,1,8
7654,5,29,17,11,0,1,1,6,0,5
7655,0,49,38,13,0,3,2,21,1,18
7656,16,34,39,12,2,2,1,16,4,11
7327,4,34,28,12,2,0,3,16,2,11
7657,36,50,50,25,5,2,4,50,30,50
7601,0,10,2,12,0,0,0,6,1,4
7634,34,50,50,23,13,5,32,50,31,50
7284,50,50,50,30,12,5,13,50,50,50
7659,2,42,26,14,0,1,2,19,5,14
7133,10,50,30,14,2,3,3,32,7,22
7571,5,27,18,14,0,0,4,4,1,2
7046,32,50,46,20,1,0,2,42,12,24
7662,16,18,24,15,2,0,3,13,3,7
7068,1,14,10,2,1,0,1,9,1,8
7258,6,31,35,14,0,0,2,14,2,9
7091,0,41,36,10,0,3,2,16,0,15
7523,40,27,50,22,2,0,0,32,11,21
7487,3,28,10,14,0,0,1,9,2,7
7406,39,50,50,23,11,6,14,50,46,50
7660,40,50,50,24,10,5,12,50,38,50
7504,1,40,20,6,2,1,0,16,2,13
7663,0,15,5,4,1,0,1,16,1,13
7127,35,50,47,28,5,4,21,50,16,39
7566,10,19,24,3,2,0,2,14,4,11
7664,1,31,4,2,0,0,0,7,0,6
7666,25,43,45,13,2,2,1,22,3,16
7642,5,50,24,10,3,2,2,28,5,19
7416,48,50,50,26,4,1,8,50,24,50
7636,0,21,19,7,0,1,2,14,2,8
7668,44,50,50,19,13,5,28,50,36,50
7665,1,36,4,3,0,0,0,10,0,9
7670,2,42,13,7,0,1,0,12,1,10
7039,50,50,50,22,15,6,18,50,50,50
7197,45,38,50,21,2,0,2,44,14,28
7671,7,50,50,8,1,0,4,43,6,31
7658,0,14,11,4,0,1,0,5,1,2
7646,50,50,50,27,12,6,18,50,50,50
7639,44,50,50,27,2,0,2,49,13,31
7519,0,24,10,8,0,0,2,2,0,2
7292,20,50,50,26,8,3,14,50,26,50
7605,0,29,14,10,0,1,2,8,1,6
7625,2,46,11,7,0,1,0,12,1,10
7381,7,50,49,8,1,0,5,47,7,33
7016,15,43,46,18,4,2,1,50,25,50
7135,38,24,50,19,2,0,0,30,12,18
7096,1,17,7,5,1,0,2,7,3,4
7604,3,14,9,1,0,0,0,4,1,2
7172,14,13,25,19,1,0,1,26,10,14
7104,25,50,33,15,1,0,2,22,6,18
7597,2,36,13,5,0,1,0,12,1,10
7648,33,50,48,21,5,3,11,50,13,35
7117,4,35,19,9,1,2,2,12,3,6
7676,1,32,3,0,0,0,0,3,0,3
7677,6,50,28,15,3,3,3,28,5,20
7354,0,0,0,0,0,0,0,0,0,0
7678,4,50,21,1,1,2,8,14,2,11
7429,2,41,23,16,0,1,2,18,4,14
7667,11,50,38,26,0,3,33,41,10,27
7681,3,19,14,5,0,0,1,9,2,7
7382,50,50,50,29,12,5,13,50,49,50
7022,50,50,50,26,12,6,18,50,50,50
7682,46,50,50,32,2,0,3,50,15,33
7684,29,50,45,23,6,3,3,50,33,50
7237,10,33,26,13,1,3,1,12,2,9
7322,37,30,41,21,2,0,2,37,12,21
7685,50,50,50,25,7,0,8,50,24,50
7687,13,35,41,10,1,2,1,12,2,10
7688,5,19,7,7,1,0,1,11,1,8
7689,1,50,40,13,0,3,2,25,2,19
7211,21,24,42,27,1,0,2,26,9,14
7533,17,39,37,23,1,0,2,36,11,23
7675,32,36,50,13,1,0,2,23,4,18
7683,29,50,50,25,6,3,5,50,34,50
7692,3,37,17,10,0,0,2,13,1,11
7693,43,50,50,22,9,2,12,50,42,50
7695,2,17,14,16,0,0,1,15,1,13
7696,3,29,14,16,0,0,2,15,2,12
7698,7,18,10,7,0,0,2,11,1,8
7701,27,35,27,17,1,0,1,17,1,13
7216,32,41,49,20,3,0,2,40,13,21
7702,8,50,34,16,0,0,3,16,3,11
7691,8,50,31,15,0,0,4,3,0,2
7050,40,50,50,22,8,4,11,50,40,50
7037,31,46,50,13,5,0,7,50,12,48
7703,12,50,35,15,0,0,3,24,7,17
7704,0,46,29,12,0,3,1,13,2,11
7705,8,44,38,14,0,0,3,15,2,12
7706,2,44,28,10,0,3,3,11,3,8
7686,41,50,50,26,5,2,4,50,29,50
7707,12,14,25,24,0,0,2,18,6,11
7708,2,42,24,14,0,1,2,16,4,11
7699,4,37,31,12,1,0,5,13,1,10
7709,2,50,30,9,2,1,3,34,6,22
7627,5,46,30,12,0,0,3,10,2,7
7460,4,12,14,11,0,0,1,8,1,6
7700,3,37,31,7,1,0,5,15,1,12
7527,7,17,11,7,1,0,3,13,1,10
7710,26,50,43,24,1,3,24,31,10,21
7001,34,50,50,32,10,4,24,50,25,50
7256,50,47,50,18,8,1,12,50,21,50
7042,15,50,41,25,1,2,6,48,15,31
7202,50,50,50,29,12,6,18,50,47,50
7228,14,15,22,11,2,0,2,10,3,4
7711,20,50,47,13,1,0,2,24,4,19
7650,3,24,21,7,0,0,1,20,4,13
7712,40,39,50,21,2,0,0,46,12,32
7679,4,50,21,1,1,2,8,18,2,15
7640,2,30,21,12,1,0,2,20,4,13
7260,50,50,50,26,9,2,14,50,29,50
7099,23,50,41,14,1,0,2,23,7,17
7453,20,50,50,28,5,4,13,50,23,50
7713,50,50,50,28,11,6,17,50,47,50
7345,0,2,0,3,0,0,0,0,0,0
7728,18,42,31,15,0,3,1,18,2,13
7719,50,45,50,15,7,0,9,50,16,50
7715,2,31,14,9,0,0,1,10,3,7
7717,50,50,50,25,3,0,6,50,16,39
7716,34,50,50,26,5,3,4,50,37,50
7720,48,50,50,19,4,0,7,50,22,50
7721,45,49,50,34,9,4,12,50,41,50
7724,8,50,40,14,1,1,5,26,6,15
7725,28,36,27,20,3,2,7,19,8,11
7130,29,50,39,27,4,4,13,37,9,27
7680,15,6,20,15,2,0,0,17,6,11
7243,26,12,33,18,2,0,0,25,9,15
7729,1,26,24,10,0,1,3,15,2,9
7730,21,19,38,22,2,0,2,32,12,17
7548,39,50,50,29,10,3,31,50,27,50
7731,1,29,14,2,1,0,0,8,1,7
7505,32,49,50,20,1,0,6,50,20,50
7738,0,11,8,3,0,0,0,0,0,0
7732,1,7,4,4,0,0,1,2,0,2
7735,1,8,4,3,0,0,1,1,0,1
7737,0,11,2,2,0,0,0,0,0,0
7736,1,10,1,3,0,0,1,0,0,0
7733,0,26,12,4,2,1,0,9,1,7
7734,1,11,6,2,0,0,1,2,0,2
7743,4,10,11,2,3,0,0,7,0,6
7740,0,11,13,1,0,0,1,5,0,5
7742,5,18,15,2,3,0,1,11,1,8
7251,37,50,35,30,4,5,36,50,18,38
7746,2,13,14,8,2,0,1,14,3,9
7745,2,14,9,3,3,0,1,4,0,4
7744,2,12,3,5,0,0,0,6,1,4
7747,5,23,18,3,0,0,1,11,1,7
7094,2,50,37,12,0,3,2,28,3,21
7748,0,12,7,4,0,0,0,5,0,4
7749,1,20,6,3,0,1,1,11,1,8
7750,0,39,21,7,2,1,1,12,2,9
7543,50,43,47,12,6,0,14,50,13,41
7752,2,3,0,7,0,0,0,6,2,6
7751,1,25,8,2,0,1,1,13,2,9
7753,0,7,12,8,0,0,2,16,5,10
7741,9,28,15,13,0,0,1,15,1,10
7025,23,42,37,28,4,4,11,50,12,37
7754,3,25,18,2,2,0,1,21,4,14
7755,0,10,5,2,0,0,1,1,0,1
7756,1,20,10,2,4,0,2,7,3,5
7758,1,18,10,1,4,0,1,5,1,3
7760,2,14,12,3,0,0,4,12,2,10
7759,2,50,12,0,2,2,5,11,1,10
7506,30,50,50,20,1,0,6,50,15,43
7739,0,10,10,5,0,0,1,2,0,2
7761,39,50,50,22,7,2,11,50,23,50
7241,24,50,50,33,9,3,16,50,22,50
7398,31,50,50,26,7,3,7,50,37,50
7718,50,50,50,22,6,0,8,50,20,50
7762,38,50,42,18,8,2,32,50,21,50
7521,20,46,37,14,2,2,1,20,3,15
7757,47,50,50,29,6,1,8,50,28,50
7311,15,47,40,23,1,3,9,47,13,32
1405,36,50,50,25,9,5,36,50,28,50
7694,0,14,7,2,0,0,3,4,0,4
